id,po_id,createdTime,sku,product,color,po_units,unit_price_in_eur,agreed_x_factory_date
recA9cvND6RANAxId,recLPPV8l4jqKvTTz,2022-11-27T13:46:48.000Z,HS2Y8N,Chiado Backpack,Black,2000,19.85,2022-05-10
recH7FFcJEbls6MCj,rec5vY8ssbNf68Pnr,2022-11-27T13:46:48.000Z,HS2VER,Checkin Trolley H6 Essential,Glossy Night blue,3000,236.73,2022-11-10
recP0pcbM5uDLZPUa,rec8k3oLwhtga78iL,2022-11-27T13:46:48.000Z,HS1J6E,Cabin Trolley M5 Smart,Glossy Graphite,400,202.17,2022-09-01
recRdqjAtob0bAmI1,rec8k3oLwhtga78iL,2022-11-27T13:46:48.000Z,HS59IH,Cabin Trolley M5 Essential,Neon Sand/Yellow,400,186.94,2022-09-01
recY2MUzRftTI6wrB,recncVqfxFCcWHHVR,2022-11-27T13:46:48.000Z,HS2DEQ,Gion Backpack Pro S,All Black,2400,155.2,2022-09-13
recbN5VxZ8i5iCfaW,rec5vY8ssbNf68Pnr,2022-11-27T13:46:48.000Z,HS68V5,Cabin Trolley M5 Essential,Glossy Graphite,1800,195.01,2022-11-10
recpZP0xew64WMLqy,recs9YN068n0LtOYt,2022-11-27T13:46:48.000Z,HS8MT9,Checkin Trolley H7 Essential,Pale Rose,400,310.57,2022-05-30
recrqIAeTi7BZN5xX,recs9YN068n0LtOYt,2022-11-27T13:46:48.000Z,HS5A0W,Checkin Trolley H7 Essential,Marine Green,600,310.57,2022-05-30
rectu68abWpSz3yXy,recs9YN068n0LtOYt,2022-11-27T13:46:48.000Z,HS054G,Cabin Trolley M5 Smart,Sand,800,202.61,2022-07-15
recvhKjSKUXPFd0ih,recR42GY2wfmYA7ly,2022-11-27T13:46:48.000Z,HS8P74,Checkin Trolley H6 Smart,Light Quartz Grey,800,257.2,2022-12-23
reczIdCwH2F7bxllK,recncVqfxFCcWHHVR,2022-11-27T13:46:48.000Z,HS5PC3,Gion Backpack Pro M,Night Blue,600,172.53,2022-09-13
rec0e5BRgA8bkapZl,rec0P5cZqFI3OMzgl,2022-11-27T13:46:48.000Z,HS086K,Gion Crossbody Bag M,Dark Olive,1200,62.53,2202-05-15
rec1zL7n4zxc2VHEL,recRd1et2nPMC4iy4,2022-11-27T13:46:48.000Z,HS2V9V,Liquids Bag,Black,800,22.5,2022-08-31
rec5kMEMj5BsR4ZQR,recncVqfxFCcWHHVR,2022-11-27T13:46:48.000Z,HS0HPT,Gion Backpack Pro M,Dark Olive,600,172.53,2022-09-13
recIGV1qegNNnFh83,rec5vY8ssbNf68Pnr,2022-11-27T13:46:48.000Z,HS1DCD,Cabin Trolley M5 Essential,All Black,2800,195.01,2022-10-05
recJ2DMB1MIE76IBS,rec8k3oLwhtga78iL,2022-11-27T13:46:48.000Z,HS7NJZ,Checkin Trolley H7 Essential,All Black,800,310.13,2022-10-15
recdDb4WCsZAilUpS,recLPPV8l4jqKvTTz,2022-11-27T13:46:48.000Z,HS2DEQ,Gion Backpack S,Black,2000,24.52,2022-05-10
recevfZQAGiXUa6Wf,rec66BmSGUbWxU6LI,2022-11-27T13:46:48.000Z,HS2GSW,Wallet,Blue Vega/Neon Orange,200,43.42,2022-03-01
reclcaW3qDBViWBIn,recPair6yBhGfEPXy,2022-11-27T13:46:48.000Z,HS4VUO,Cabin Trolley H5 Smart,Glossy Graphite,800,206.29,2023-02-10
recpQYWCywdvKIBnw,recR42GY2wfmYA7ly,2022-11-27T13:46:48.000Z,HS5DZ2,Cabin Trolley H5 Smart,All Black,1600,204.85,2023-02-10
recrhbuIgSS7R7A2G,rec0P5cZqFI3OMzgl,2022-11-27T13:46:48.000Z,HS5E3Q,Gion Briefcase,Black,1200,168.46,2022-04-15
rectyoCVPon7lXH6D,rec9cfSHhvvqoQRnH,2022-11-27T13:46:48.000Z,HS6187,Shibuya Totepack S,Black,1600,65.94,2022-09-20
recx0gUu9D5KhaiiR,recRd1et2nPMC4iy4,2022-11-27T13:46:48.000Z,HS4D6M,SoFo Backpack City,Black,600,220.4,2022-11-30
recQL5TZ9YELBTPHl,recXLtOG28CLCDqzc,2022-12-09T07:46:03.000Z,HS8H1J,Checkin Trolley H6 Smart,Glossy Night Blue,800,259.94,2023-04-20
recHInD0ZJJLOevS8,recQBwsouvVnfQIZJ,2023-05-19T07:58:46.000Z,HS23BM,Shibuya Rolltop,All Black,2000,13.32,2023-07-27
rec8VT1CFUMxULVhO,recdYUZ4udjM0GSMq,2022-11-27T13:46:48.000Z,HS54PL,Cabin Trolley H5 Essential,,800,189.31,2022-04-26
recCpQibTrk4248Jv,recR42GY2wfmYA7ly,2022-11-27T13:46:48.000Z,HS7NJZ,Checkin Trolley H7 Essential,All Black,800,309.54,2023-02-10
recJEGYr5AAKr8x8Y,recNqVI0DjJi0lZ6l,2022-11-27T13:46:48.000Z,HS6GLV,Koenji Washbag L,Light Quartz Grey,800,60.75,2022-05-15
recOWHHmG4qJBjgjD,recRd1et2nPMC4iy4,2022-11-27T13:46:48.000Z,HS8EE6,SoFo Rolltop Backpack,Dark Olive,1400,114.85,2022-11-30
recZqUMaxwYhqCgON,recPnLgxC5oprvfFv,2022-11-27T13:46:48.000Z,HS1P80,Koenji Washbag M,Red,1200,56.07,2022-11-30
recokfPsI5xwQCMJr,recU9jQUdK3ZLAF3p,2022-11-27T13:46:48.000Z,HS038J,Wallet,Sand Rose,400,37.07,2022-05-21
recr6DZnqQaVa32A0,recU9jQUdK3ZLAF3p,2022-11-27T13:46:48.000Z,HS8PQP,Cardholder,Night Blue,400,17.91,2022-05-21
recy8g2bkyZRs2w93,rec8k3oLwhtga78iL,2022-11-27T13:46:48.000Z,HS7UK1,Checkin Trolley H7 Essential,Glossy Night blue,800,310.13,2022-11-01
rec61fUvfotRvuH1S,recNqVI0DjJi0lZ6l,2022-12-16T13:45:44.000Z,HS5T1U,SoFo Backpack City,Dark Olive,1200,220.4,
recK7WVkZBwAM0tYT,recHdpn3g3HrIBM4k,2023-05-19T07:28:46.000Z,HS7NJZ,Checkin Trolley H7 Essential,All Black,800,309.02,2023-06-15
recnwMoVkNDVIs2S7,recVYg7OHg0EzdmUG,2023-05-19T07:45:19.000Z,HS5GPC,Cabin Trolley H5 Essential,Light Quartz Grey,600,197.33,2023-08-15
recldb9a7V20AB7LG,rece2BBr1UhSTDdE6,2023-07-06T12:26:14.000Z,HS50B7,Cabin Trolley H5 Essential,Dark Olive,600,185.47,
recM76wycIERz4D9t,recs9YN068n0LtOYt,2022-11-27T13:46:48.000Z,HS03M9,Checkin Trolley H7 Smart,Blue Vega,600,329.07,2022-06-15
recNFUb7EiEe3NRKM,recRd1et2nPMC4iy4,2022-11-27T13:46:48.000Z,HS4D6M,SoFo Backpack City,Black,400,220.4,2022-11-30
recRQliMrAq1KOKug,rec66BmSGUbWxU6LI,2022-11-27T13:46:48.000Z,HS1GES,Wallet,Sand/Neon Yellow,200,43.42,2022-03-01
recX5QK1QHaS7u7La,recPair6yBhGfEPXy,2022-11-27T13:46:48.000Z,HS10NS,Checkin Trolley H7 Essential,Dark Olive,800,279.75,2022-12-30
reccNBaI5Jw1gvGKU,recNqVI0DjJi0lZ6l,2022-11-27T13:46:48.000Z,HS3R29,Koenji Washbag L,All Black,1200,60.75,2022-05-15
recfmDyJF7soiMI75,recRd1et2nPMC4iy4,2022-11-27T13:46:48.000Z,HS4T6Z,SoFo Crossbody Bag M,Dark Olive,600,57.53,2022-08-31
reciTqTdmIFmKCGe5,recNqVI0DjJi0lZ6l,2022-11-27T13:46:48.000Z,HS0UZZ,SoFo Weekender L,Dark Olive,1600,191.38,2022-05-15
recp3blxzt5zhQ8zO,rec66BmSGUbWxU6LI,2022-11-27T13:46:48.000Z,HS741P,Cardholder,Night Blue/Neon Yellow,200,20.76,2022-03-01
recwaOk0AX4fzOsgV,recmleCSx7a5jebiB,2022-11-27T13:46:48.000Z,HS3FW1,Cardholder,Marine Green,400,17.91,2022-02-28
recXgkYc56zEQVwze,recHdpn3g3HrIBM4k,2023-05-19T07:28:46.000Z,HS45T3,Checkin Trolley H6 Essential,Light Quartz Grey,600,244.64,2023-06-15
recF6CCcuUjoZbEV7,recVYg7OHg0EzdmUG,2023-05-19T07:45:19.000Z,HS6PAL,Cabin Trolley M5 Smart,All Black,1600,207.62,2023-08-15
rec0AgIElHwVxvNx2,recRd1et2nPMC4iy4,2022-11-27T13:46:48.000Z,HS8CF7,SoFo Backpack Travel,Sand,0,289.3,
rec1WBAc00qqyGQLB,recncVqfxFCcWHHVR,2022-11-27T13:46:48.000Z,HS40RH,Gion Backpack Pro M,Blue Vega,400,172.53,2022-09-13
rec3jSNaN7dUeWpk3,rec93Lxow9eSO5KcL,2022-11-27T13:46:48.000Z,HS3WXE,Cabin Trolley H5 Essential,Glossy Night Blue,400,187.01,2022-08-15
rec5k5WXoUq4iLwkj,recNqVI0DjJi0lZ6l,2022-11-27T13:46:48.000Z,HS4D6M,SoFo Backpack City,Black,2000,220.4,2022-05-15
rec9m8C6y1ZDY0p7S,rec8k3oLwhtga78iL,2022-11-27T13:46:48.000Z,HS4JN6,Cabin Trolley M5 Essential,Glossy True Red,600,186.94,2022-11-01
recA4d7i2iFUTXGVx,recR42GY2wfmYA7ly,2022-11-27T13:46:48.000Z,HS4LGE,Cabin Trolley M5 Essential,Glossy Blue Vega,800,197.21,2022-12-08
recGqlGE7WILqoByR,recR42GY2wfmYA7ly,2022-11-27T13:46:48.000Z,HS5IOY,Checkin Trolley H7 Essential,Glossy Blue Vega,800,323.71,2022-12-23
recex5Em26MVvb4pV,rec5vY8ssbNf68Pnr,2022-11-27T13:46:48.000Z,HS7HSJ,Cabin Trolley M5 Essential,Glossy Night Blue,2800,195.01,2022-11-10
recwcfIhOfwv4eJ8P,recU9jQUdK3ZLAF3p,2022-11-27T13:46:48.000Z,HS65LI,Cardholder,Dark Olive,400,17.91,2022-05-21
rec8t3HhQfLsYILwC,recXLtOG28CLCDqzc,2022-12-09T07:46:03.000Z,HS6PAL,Cabin Trolley M5 Smart,Black,1200,216.78,2023-04-20
recymXvj3jJ2uKZOQ,recHdpn3g3HrIBM4k,2023-05-19T07:28:46.000Z,HS6HAY,Checkin Trolley H7 Essential,Glossy Agave Green,800,323.2,2023-06-15
recL706mx6PCOBvAu,recpbPwq2R7iZf2H5,2023-05-19T07:54:15.000Z,HS6WYV,Cabin Trolley M5 Essential,Graphite,1200,203.37,2023-09-01
recCYFQ6Iz0xNBkIK,recRd1et2nPMC4iy4,2022-11-27T13:46:48.000Z,HS4MGZ,SoFo Crossbody Bag M,Black,600,57.53,2022-08-31
recOSkTi58hsHMztc,rec93Lxow9eSO5KcL,2022-11-27T13:46:48.000Z,HS8MRV,Checkin Trolley H6 Smart,Dark Olive,800,258.93,2022-08-15
recRu2n4P4dKuaNUk,recJ87LJuJGWqwuCK,2022-11-27T13:46:48.000Z,HS22NF,Gion Backpack Essential M,Graphite,2000,119.87,2022-06-30
recSzTUUDobRBUXn9,recRd1et2nPMC4iy4,2022-11-27T13:46:48.000Z,HS32CE,SoFo Rolltop Backpack,All Black,1200,108.43,2022-11-30
recYSWbIyLND9PKgv,rec66BmSGUbWxU6LI,2022-11-27T13:46:48.000Z,HS1FR3,Gion Crossbody Bag M,Graphite/Neon Green,200,84.05,2022-03-01
recnmf9In6h1mQKiR,rec66BmSGUbWxU6LI,2022-11-27T13:46:48.000Z,HS26E5,Cardholder,Graphite/Neon Green,200,20.76,2022-03-01
recvPFuyQxbDCY2MU,recRQz4YDkdJ9Otd1,2022-11-27T13:46:48.000Z,HS0FTW,Top Case,All Black,1200,,2022-12-15
recw4buLyCQySIPv2,rec93Lxow9eSO5KcL,2022-11-27T13:46:48.000Z,HS1DCD,Cabin Trolley M5 Essential,All Black,1000,195.01,2022-08-15
recSAyv1npJtbboXZ,recKL3NiZYC8IvwsY,2022-12-23T07:16:41.000Z,HS58ZI,Gion Backpack M _ Mercedes Benz_ ,Graphite,4000,196.06,2023-02-10
rechDmIKJktlbnzMu,recRQz4YDkdJ9Otd1,2023-01-05T18:21:37.000Z,HS08KC,SoFo Weekender L,Light Quartz Grey,1200,,2022-12-15
rec9uiGEhjPVPqij3,recRQz4YDkdJ9Otd1,2023-01-05T18:26:21.000Z, HS459X ,Top Case,Graphite,1200,,2022-12-15
rec7zY6qqLbC4vW6r,rec9YiSsDlbXNH0WY,2023-05-19T07:34:40.000Z,HS6SWR,CheckinTrolley H7 Re-Series,All Black,1800,315.28,2023-07-01
reccEVA46bbO32Pwv,recgdehXsTpikaOdD,2023-05-19T07:41:27.000Z,HS71GO,Cabin Trolley H5 Smart,Glossy Night Blue,800,218.11,2023-08-15
rec0Gc3lqfjNhuczO,recfirmJPfiiJAfYV,2022-11-27T13:46:48.000Z,HS0N1Z,Gion Crossbody Bag S,Marine Green/Neon Orange,400,45.93,2022-11-30
rec28cYEvytihkVam,recs9YN068n0LtOYt,2022-11-27T13:46:48.000Z,HS420I,Cabin Trolley M5 Essential,Night Blue,1600,187.39,2022-07-15
rec7sBvbOlvQbrRFZ,recdBysdkxHTrLgRU,2022-11-27T13:46:48.000Z,HS195A,Shibuya Totepack M,Grey Lavender,2000,8.99,2022-06-20
rec8WaniAF2napFQs,recRQz4YDkdJ9Otd1,2022-11-27T13:46:48.000Z,HS2JXS,Liquids Bag,Night Blue,1200,,2022-12-15
recBU9F1VBE3EttmX,rec8k3oLwhtga78iL,2022-11-27T13:46:48.000Z,HS10NS,Checkin Trolley H7 Essential,Dark Olive,600,310.13,2022-10-15
recEUdizbyq49PXVk,recNqVI0DjJi0lZ6l,2022-11-27T13:46:48.000Z,HS7ZGT,"Kōenji Laptop Case 13""",Marine Green,800,66.2,2022-05-15
recbrMID9BOTpU7QK,recfAmrxWvZWlKT10,2022-11-27T13:46:48.000Z,HS66NF,Cabin Trolley M5 Smart,Blue Vega,400,202.61,2022-04-15
receogBvrtOp1u4Kq,recRd1et2nPMC4iy4,2022-11-27T13:46:48.000Z,HS4N6O,SoFo Backpack Travel,All Black,400,289.3,2022-08-31
recndlhRbmuYCJXxy,rec5vY8ssbNf68Pnr,2022-11-27T13:46:48.000Z,HS7NJZ,Checkin Trolley H7 Essential,All Black,1400,279.75,2022-10-05
recqZaoVGmyk2V4QH,recmleCSx7a5jebiB,2022-11-27T13:46:48.000Z,HS65LI,Cardholder,Dark Olive,400,17.91,2022-02-28
rectDXeOMWv6EdII4,rec66BmSGUbWxU6LI,2022-11-27T13:46:48.000Z,HS1FXW,Cardholder,Sand/Neon Yellow,200,20.76,2022-03-01
rectwLG8XQ7p2M4sX,rec93Lxow9eSO5KcL,2022-11-27T13:46:48.000Z,HS6KX8,Checkin Trolley H7 Smart,Dark Olive,1000,302.27,2022-08-15
recw8OyuMz5grFn90,rec8k3oLwhtga78iL,2022-11-27T13:46:48.000Z,HS0ADR,Cabin Trolley H5 Essential,Pale Rose,600,185.47,2022-09-01
recwr6mBaAONPJvx1,rec9cfSHhvvqoQRnH,2022-11-27T13:46:48.000Z,HS6AJP,Shibuya Totepack S,Glossy Lemon,1440,65.94,2022-09-20
recyB765TRcuBmz8t,recu5UHiZmKKNt1C4,2023-02-20T08:50:52.000Z, HS6KYM ,Gion Crossbody Bag S,All Black,1600,50.05,2023-04-03
rechMrdRnpNwnv7s5,recyQZkROyTsRjyn0,2023-02-20T09:00:56.000Z,HS01M6,Cabin Trolley H5 Essential,Night Blue,800,202.67,2023-04-01
recAa90tsK9xOXHy7,recHdpn3g3HrIBM4k,2023-05-19T07:28:46.000Z,HS7JZB,Checkin Trolley H7 Essential,Light Quartz Grey,600,309.02,2023-06-15
recFrVw0eAWQbyqlz,recgdehXsTpikaOdD,2023-05-19T07:41:27.000Z,HS68V5,Cabin Trolley M5 Essential,Glossy Graphite,800,203.37,2023-08-15
rec2cOMJPN3Ssj5qS,recVYg7OHg0EzdmUG,2023-05-19T07:45:19.000Z,HS3H07,Cabin Trolley H5 Smart,Dark Olive,1000,212.39,2023-08-15
recRIsQ0pMa5LZ4kJ,rec66yWd0p9QTWim0,2023-07-06T12:53:22.000Z,HS7NJZ,Checkin Trolley H7 Essential,All Black,1400,279.75,
rec9BLpMjZd8gWgxs,recRd1et2nPMC4iy4,2022-11-27T13:46:48.000Z,HS2JXS,Liquids Bag,Night Blue,2000,22.5,2022-08-31
recAj93VRN6WmZlCN,rec93Lxow9eSO5KcL,2022-11-27T13:46:48.000Z,HS58NR,Checkin Trolley H6 Essential,Dark Olive,600,236.73,2022-08-15
recFBKVUe1Q9LDq3B,recPnLgxC5oprvfFv,2022-11-27T13:46:48.000Z,HS5E3Q,Gion Briefcase,Black,1200,168.46,2022-11-30
recKEOskKcuKXNPIn,rec5vY8ssbNf68Pnr,2022-11-27T13:46:48.000Z,HS7HSJ,Cabin Trolley M5 Essential,Glossy Night Blue,2800,195.01,2022-10-05
recRXLRpqKoIDWknk,rec48nUaKKP9HHmA5,2022-11-27T13:46:48.000Z,HS1DCG,Gion Backpack S Light,Orange Glow,2000,20.2,2022-12-20
recWSRNHVlruD1yZX,recNqVI0DjJi0lZ6l,2022-11-27T13:46:48.000Z,HS50HR,"Kōenji Laptop Case 13""",Light Quartz Grey,800,66.2,2022-05-15
recXRzNdD6mtVFND0,recncVqfxFCcWHHVR,2022-11-27T13:46:48.000Z,HS22NF,Gion Backpack Essential M,Graphite,1200,132.17,2022-09-13
recZyLrxC9VjfG7Jg,recNqVI0DjJi0lZ6l,2022-11-27T13:46:48.000Z,HS886S,Packing Cubes,Dark Olive,800,78.34,2022-05-15
recjCQ78P9Bs9Iz2E,recR42GY2wfmYA7ly,2022-11-27T13:46:48.000Z,HS2BUO,Checkin Trolley H7 Smart,Light Quartz Grey,800,325.6,2022-12-08
recu73TXrGsatVXbj,recs9YN068n0LtOYt,2022-11-27T13:46:48.000Z,HS4GQ2,Cabin Trolley M5 Essential,Light Quartz Grey,800,187.39,2022-06-15
reclLU0fPpbXmd7xh,recu5UHiZmKKNt1C4,2023-02-20T08:50:52.000Z,,SoFo Backpack Travel,Light Quartz Grey,1200,301.95,2023-04-03
recwPsEmZcrlCCRNF,recVYg7OHg0EzdmUG,2023-05-19T07:45:19.000Z,HS7KZP,Checkin Trolley H6 Essential,Grey Lavender,600,245.41,2023-08-15
recDqtuxFhPLXY57A,recpbPwq2R7iZf2H5,2023-05-19T07:54:15.000Z,HS73SW,Checkin Trolley H7 Essential,Graphite,1000,284.45,2023-09-01
recGnam94MpeLTXWe,rece2BBr1UhSTDdE6,2023-07-06T12:27:29.000Z,HS4GQ2,Cabin Trolley M5 Essential,Light Quartz Grey,400,186.94,
rec6tuiTru0UFtVqJ,rec66yWd0p9QTWim0,2023-07-06T12:48:36.000Z,HS7HSJ,Cabin Trolley M5 Essential,Glossy Night Blue,2800,195.01,
recvxv07w9AidClcr,rec66yWd0p9QTWim0,2023-07-06T12:50:43.000Z,HS4OAL,Checkin Trolley H6 Essential,All Black,1600,236.73,
rec977CzR4bEtbr7P,rec0P5cZqFI3OMzgl,2022-11-27T13:46:48.000Z,HS81KT,Gion Crossbody Bag M,Night Blue,1200,62.53,2202-05-15
recYvjue8HSpOGiHt,recmleCSx7a5jebiB,2022-11-27T13:46:48.000Z,HS18Y6,Wallet,Light Quartz Grey,400,37.07,2022-02-28
recdIlajv4d9JAK9c,rec5vY8ssbNf68Pnr,2022-11-27T13:46:48.000Z,HS7NJZ,Checkin Trolley H7 Essential,All Black,1400,279.75,2022-11-10
recelO6CYFpEcVu2O,rec8k3oLwhtga78iL,2022-11-27T13:46:48.000Z,HS1FZA,Cabin Trolley H5 Essential,Sand Rose,600,185.47,2022-09-01
recgX7EplmsV3Rdww,rec66BmSGUbWxU6LI,2022-11-27T13:46:48.000Z,HS6DEC,Cardholder,Dark Olive/Neon Green,200,20.76,2022-03-01
recgnVIdl1ChA62Fg,recPair6yBhGfEPXy,2022-11-27T13:46:48.000Z,HS6AQY,Cabin Trolley M5 Essential,Dark Olive,1200,195.01,2023-02-10
reciYnF4aU2nnL4Ut,recRd1et2nPMC4iy4,2022-11-27T13:46:48.000Z,HS8QBC,SoFo Weekender M,Black,400,166.73,2022-10-10
recDh8tmZsRYlmpvs,recu5UHiZmKKNt1C4,2023-02-20T08:50:52.000Z, HS7GM6 ,SoFo Rolltop Backpack,Light Quartz Grey,1200,62.37,2023-04-03
rec3MQTv9V6pVDw8K,recgdehXsTpikaOdD,2023-05-19T07:41:27.000Z,HS7NJZ,Checkin Trolley H7 Essential,All Black,800,284.45,2023-08-15
rec0pwLXMTQaCPGue,recncVqfxFCcWHHVR,2022-11-27T13:46:48.000Z,HS0HPT,Gion Backpack Pro M,Dark Olive,800,172.53,2022-09-13
rec5bSiTXPqHYJV2n,recPair6yBhGfEPXy,2022-11-27T13:46:48.000Z,HS50B7,Cabin Trolley H5 Essential,Dark Olive,2000,187.01,2022-12-30
recE1B7OdQ9ggPjAB,recJ87LJuJGWqwuCK,2022-11-27T13:46:48.000Z,HS1M78,Gion Backpack Essential M,Light Quartz Grey,2000,131.07,2022-06-30
recaLiAy4OpBdnv3U,rec93Lxow9eSO5KcL,2022-11-27T13:46:48.000Z,HS7G0W,Checkin Trolley H7 Smart,All Black,1800,302.27,2022-08-15
recdLe75QQpHvmQnE,recfirmJPfiiJAfYV,2022-11-27T13:46:48.000Z,HS0LIT,Gion Crossbody Bag S,Blue Vega/Neon Orange,400,45.93,2022-11-30
reck4ogFkcVlanAA0,rec66BmSGUbWxU6LI,2022-11-27T13:46:48.000Z,HS2LCV,Wallet,Graphite/Neon Green,200,43.42,2022-03-01
recwyfj4tr6bEeBVa,recRd1et2nPMC4iy4,2022-11-27T13:46:48.000Z,HS8QVT,Liquids Bag,Light Quartz Grey,2000,22.5,2022-08-31
reczvNjDwqoJZlvgz,recRd1et2nPMC4iy4,2022-11-27T13:46:48.000Z,HS7Y18,SoFo Weekender M,Sand Rose,1200,166.73,2022-10-10
recH0Xce0IaDsYDIC,recyQZkROyTsRjyn0,2023-02-20T09:00:56.000Z,HS420I,Cabin Trolley M5 Essential,Night Blue,800,200,2023-04-01
rechVzYTrxYbQpuq9,rec9YiSsDlbXNH0WY,2023-05-19T07:34:40.000Z,HS8APQ,CheckinTrolley H7 Re-Series,Bright Amber,1200,315.28,2023-07-01
rec5rjRchJApkN3Cq,rec8k3oLwhtga78iL,2022-11-27T13:46:48.000Z,HS2DE5,Cabin Trolley M5 Essential,Sand,600,186.94,2022-09-01
rec9O1rpF3l2Xa03u,rec8k3oLwhtga78iL,2022-11-27T13:46:48.000Z,HS2AE7,Checkin Trolley H7 Smart,Glossy Night Blue,1000,330.13,2022-09-01
recVnVP86YaTqlhkh,rec5vY8ssbNf68Pnr,2022-11-27T13:46:48.000Z,HS7UAX,Cabin Trolley H5 Essential,All Black,3000,187.01,2022-11-10
reccctz7CTLpdv6Os,rec9cfSHhvvqoQRnH,2022-11-27T13:46:48.000Z,HS8MD9,Shibuya Totepack S,Sand Rose,1600,65.94,2022-09-20
recboz0xiFdG9bMrt,recrapa3IOqY6AW74,2022-12-09T07:34:16.000Z,HS10NS,Checkin Trolley H7 Essential,Dark Olive,600,324.61,2023-04-01
recZQv1gSDJV4Gyvj,rece2BBr1UhSTDdE6,2023-07-06T12:28:36.000Z,HS0GSB,Checkin Trolley H6 Essential,Glossy Graphite,800,241.71,
recJo5j7TkaRpeJXM,recEeBxWVVu30q1k0,2023-07-25T13:00:17.000Z,HS4ISP,Checkin Trolley H7 Essential,Graphite,4000,283.33,
recIFKJlyFzonhW7G,recU9jQUdK3ZLAF3p,2022-11-27T13:46:48.000Z,HS3RJH,Wallet,Marine Green,400,37.07,2022-05-21
recTMeYdSjpBfKAaN,rec5vY8ssbNf68Pnr,2022-11-27T13:46:48.000Z,HS3WXE,Cabin Trolley H5 Essential,Glossy Night blue,2000,187.01,2022-10-05
recbKYZv8GrHSeCm4,recNqVI0DjJi0lZ6l,2022-11-27T13:46:48.000Z,HS1QEV,SoFo Weekender L,Black,1600,191.38,2022-05-15
recdhDWeNSsESKc1i,recRd1et2nPMC4iy4,2022-11-27T13:46:48.000Z,HS53GY,SoFo Crossbody Bag M,Sand,0,57.53,
recj3CRiprS2qAUtQ,recncVqfxFCcWHHVR,2022-11-27T13:46:48.000Z,HS2TEB,Gion Backpack Pro S,Blue Vega,1200,155.2,2022-09-13
rectXLCWn3jF3tUay,rec5vY8ssbNf68Pnr,2022-11-27T13:46:48.000Z,HS71GO,Cabin Trolley H5 Smart,Glossy Night Blue,1000,206.29,2022-10-05
reccAqyQvcGFkcayJ,recgdehXsTpikaOdD,2023-05-19T07:41:27.000Z,HS50B7,Cabin Trolley H5 Essential,Dark Olive,800,198.91,2023-08-15
recZ4wPp93ujhFNCM,recVYg7OHg0EzdmUG,2023-05-19T07:45:19.000Z,HS4B41,Cabin Trolley M5 Smart,Light Quartz Grey,600,207.62,2023-08-15
recAmsqQnePzGeMKU,recEeBxWVVu30q1k0,2023-07-25T12:59:08.000Z,HS7WQ5,Checkin Trolley H6 Essential,Night Blue,4000,233.33,
rec6dcmUyOWyekyuH,rec8k3oLwhtga78iL,2022-11-27T13:46:48.000Z,HS4S7L,Cabin Trolley M5 Smart,Blue Vega,600,202.17,2022-09-01
recBXou2DbkexPqzC,recRd1et2nPMC4iy4,2022-11-27T13:46:48.000Z,HS32CE,SoFo Rolltop Backpack,All Black,800,108.43,2022-11-30
recCNwG5cOSaPWGAg,recNqVI0DjJi0lZ6l,2022-11-27T13:46:48.000Z,HS4S53,Koenji Washbag L,Dark Olive,800,60.75,2022-05-15
recFeRTQsS7dUY8zT,recncVqfxFCcWHHVR,2022-11-27T13:46:48.000Z,HS3LCN,Gion Backpack Essential S,All Black,800,115.93,2022-09-13
recKNgeLZIkLl85SZ,recRd1et2nPMC4iy4,2022-11-27T13:46:48.000Z,HS1QEV,SoFo Weekender L,Black,800,191.38,2022-10-10
recdUZeThPu21tczi,recNqVI0DjJi0lZ6l,2022-11-27T13:46:48.000Z,HS3AZF,Packing Cubes,Graphite,800,78.34,2022-05-15
recluz6Qn5ZQvPyK7,recPair6yBhGfEPXy,2022-11-27T13:46:48.000Z,HS69WL,Cabin Trolley H5 Essential,Glossy Graphite,800,187.01,2022-12-30
recmwkwh7uaHGHeMb,recRQz4YDkdJ9Otd1,2022-11-27T13:46:48.000Z,HS4H4L,Packing Cubes,All Black,2000,78.34,2022-12-15
recoHnaS97btHUctM,recs9YN068n0LtOYt,2022-11-27T13:46:48.000Z,HS5BM0,Cabin Trolley H5 Essential,Marine Green,600,185.91,2022-05-30
recSS22W2tOWa6q1X,recRQz4YDkdJ9Otd1,2023-01-05T18:19:05.000Z,HS0UZZ,SoFo Weekender L,Dark Olive,1200,,2022-12-15
recvUbDgpFxxr2uSI,rec66yWd0p9QTWim0,2023-07-06T12:52:48.000Z,HS2VER,Checkin Trolley H6 Essential,Glossy Night Blue,800,236.73,
rec5wqhbILqtgAa8F,recRQz4YDkdJ9Otd1,2022-11-27T13:46:48.000Z, HS6PEZ ,Packing Cubes,Light Quartz Grey,1200,78.34,2022-12-15
recGDeg5wqpZhDToa,recs9YN068n0LtOYt,2022-11-27T13:46:48.000Z,HS0YRE,Checkin Trolley H7 Essential,Glossy Lemon,600,302.39,2022-07-15
recNDst0wM3nhQoOt,recncVqfxFCcWHHVR,2022-11-27T13:46:48.000Z,HS2EU0,Gion Crossbody Bag M,Black,1400,63.53,2022-09-13
recQUCMxhnfmha5U5,rec93Lxow9eSO5KcL,2022-11-27T13:46:48.000Z,HS7UAX,Cabin Trolley H5 Essential,All Black,1000,187.01,2022-08-15
recTBj45P9GA5piYL,rec66BmSGUbWxU6LI,2022-11-27T13:46:48.000Z,HS8PFP,Wallet,Night Blue/Neon Yellow,200,43.42,2022-03-01
recnmxDn9vp7mmHPM,recU9jQUdK3ZLAF3p,2022-11-27T13:46:48.000Z,HS0IOL,Wallet,Grey Lavender,400,37.07,2022-05-21
recrcL4VE82eWvjuY,recNqVI0DjJi0lZ6l,2022-11-27T13:46:48.000Z,HS2F72,"Kōenji Laptop Case 13""",Blue Vega,800,66.2,2022-05-15
recro9hRa2whAPiJ0,rec9cfSHhvvqoQRnH,2022-11-27T13:46:48.000Z,HS2F37,Shibuya Totepack S,Grey Lavender,1600,65.94,2022-09-20
recvS3aeW19PaaRYk,rec48nUaKKP9HHmA5,2022-11-27T13:46:48.000Z,HS3OWD,Gion Backpack S Light,All Black,4000,20.2,2022-12-20
rec1M4ZD3JjgGswc5,recXLtOG28CLCDqzc,2022-12-09T07:46:03.000Z,HS7UAX,Cabin Trolley H5 Essential,All Black,1200,189.43,2023-04-20
rectC4d94ymx0JsSQ,recpbPwq2R7iZf2H5,2023-05-19T07:54:15.000Z,HS6PAL,Cabin Trolley M5 Smart,All Black,2400,222.56,2023-09-01
rec1qxUzKfAq4dmwF,recPnLgxC5oprvfFv,2022-11-27T13:46:48.000Z,HS58J4,Packing Cubes,Night Blue,1200,78.34,2022-09-18
rec3dg398boamYY7M,rec5vY8ssbNf68Pnr,2022-11-27T13:46:48.000Z,HS3WXE,Cabin Trolley H5 Essential,Glossy Night blue,2000,187.01,2022-11-10
rec95wNValyQUrKLL,recncVqfxFCcWHHVR,2022-11-27T13:46:48.000Z,HS8S9I,Gion Backpack Pro S,Night Blue,400,155.2,2022-09-13
rec9y2GO4Dgh42B6P,recR42GY2wfmYA7ly,2022-11-27T13:46:48.000Z,HS4715,Checkin Trolley H6 Essential,Glossy Blue Vega,800,246.03,2022-12-08
recBxituWL25muapq,recR42GY2wfmYA7ly,2022-11-27T13:46:48.000Z,HS7VMG,Cabin Trolley H5 Smart,Light Quartz Grey,800,204.85,2023-02-10
recJuumD9QPOkiHus,recRd1et2nPMC4iy4,2022-11-27T13:46:48.000Z,HS1QEV,SoFo Weekender L,Black,400,191.38,2022-10-10
recTJgib9ihbdh8wh,recNqVI0DjJi0lZ6l,2022-11-27T13:46:48.000Z,HS844H,Packing Cubes,Marine Green,800,78.34,2022-05-15
recwqsUq4jKyWJ37H,recdBysdkxHTrLgRU,2022-11-27T13:46:48.000Z,HS5YFW,Shibuya Totepack M,Sand Rose,2000,8.99,2022-06-20
recyoIeCBRxONT2ag,rec0P5cZqFI3OMzgl,2022-11-27T13:46:48.000Z,HS6KYM,Gion Crossbody Bag S,All Black,2400,45.93,2202-05-15
recVWMiIEdMcN7lO1,recHdpn3g3HrIBM4k,2023-05-19T07:28:46.000Z,HS402W,Cabin Trolley H5 Essential,Glossy Agave Green,800,196.75,2023-06-15
recx7Sur7eZS4ivSV,recVYg7OHg0EzdmUG,2023-05-19T07:45:19.000Z,HS420I,Cabin Trolley M5 Essential,Night Blue,1200,194.79,2023-08-15
rec0PDgStn9sNKn3B,recRQz4YDkdJ9Otd1,2022-11-27T13:46:48.000Z,HS44N5,Gion Crossbody Bag S,Night Blue,1200,,2022-12-15
rec6HkR18qJuH4UMZ,recPair6yBhGfEPXy,2022-11-27T13:46:48.000Z,HS7HSJ,Cabin Trolley M5 Essential,Glossy Night Blue,800,195.01,2023-02-10
rec8N4JOGPi5sb5lS,recR42GY2wfmYA7ly,2022-11-27T13:46:48.000Z,HS1H0L,Checkin Trolley H6 Smart,All Black,800,257.2,2023-02-10
recKp1EKJFlHQ8jW0,recmleCSx7a5jebiB,2022-11-27T13:46:48.000Z,HS45I9,Wallet,Night Blue,400,37.07,2022-02-28
recdKLWC3qhWfAwEh,recRd1et2nPMC4iy4,2022-11-27T13:46:48.000Z,HS337J,SoFo Rolltop Backpack,Sand,0,114.85,
recy6q5L7AJkNrpj7,rec66BmSGUbWxU6LI,2022-11-27T13:46:48.000Z,HS8VBS,Wallet,Dark Olive/Neon Green,200,43.42,2022-03-01
recz2lv1VXS6shCDP,recs9YN068n0LtOYt,2022-11-27T13:46:48.000Z,HS056I,Checkin Trolley H6 Essential,Glossy Red,600,253.43,2022-06-15
recNJSZ3WAFb8QHjI,recu5UHiZmKKNt1C4,2023-02-20T08:50:52.000Z, HS8ZKO ,SoFo Crossbody Bag M,Light Quartz Grey,1200,62.8,2023-04-03
rec5gNePqlS3zTMg4,recu35eEb4d5d3vra,2023-05-19T07:20:41.000Z, HS7C2Z ,SoFo Backpack Travel,Dark Olive,1200,58.75,2023-06-15
recsKai9tVcUGiS8Q,recgdehXsTpikaOdD,2023-05-19T07:41:27.000Z,HS1H0L,Checkin Trolley H6 Smart,All Black,800,271.86,2023-08-15
recfJhq865GWGabV7,recVYg7OHg0EzdmUG,2023-05-19T07:45:19.000Z,HS01M6,Cabin Trolley H5 Essential,Night Blue,1200,197.33,2023-08-15
rec8GmoEmd9rlnTsn,recJ87LJuJGWqwuCK,2022-11-27T13:46:48.000Z,HS40V1,Gion Backpack Essential M,Marine Green,2000,131.07,2022-06-30
rec9FnTuIFFgiIRkL,recdBysdkxHTrLgRU,2022-11-27T13:46:48.000Z,HS5EF5,Shibuya Totepack M,Light Quartz Grey,2000,8.99,2022-06-20
recOwcHYlBhajYpDY,recRd1et2nPMC4iy4,2022-11-27T13:46:48.000Z,HS80IY,Liquids Bag,Dark Olive,1200,22.5,2022-08-31
recQB0YgtrI6Txm8V,recU9jQUdK3ZLAF3p,2022-11-27T13:46:48.000Z,HS45I9,Wallet,Night Blue,600,37.07,2022-05-21
recUCe7WVYnNB9z4Y,recPair6yBhGfEPXy,2022-11-27T13:46:48.000Z,HS3WXE,Cabin Trolley H5 Essential,Glossy Night Blue,1200,187.01,2022-12-30
recZPql86FrNvTRh2,recmleCSx7a5jebiB,2022-11-27T13:46:48.000Z,HS8PQP,Cardholder,Night Blue,400,17.91,2022-02-28
recZrCGPNnjCmtA4Z,rec48nUaKKP9HHmA5,2022-11-27T13:46:48.000Z,HS8WHT,Gion Backpack M Light,Orange Glow,2000,21.17,2022-12-20
recbbcyd0PQVGpN7o,recRQz4YDkdJ9Otd1,2022-11-27T13:46:48.000Z,HS4FS5,Gion Crossbody Bag S,Dark Olive,1200,,2022-12-15
recccTdOcWPZy6HDQ,rec93Lxow9eSO5KcL,2022-11-27T13:46:48.000Z,HS11UR,Checkin Trolley H7 Smart,Graphite,800,302.27,2022-08-15
rechCQ3mhnDCXEtMk,recRd1et2nPMC4iy4,2022-11-27T13:46:48.000Z,HS5Q4Q,SoFo Backpack City,Light Quartz Grey,600,220.4,2022-11-30
recjTAYvgeYkwrmcE,recR42GY2wfmYA7ly,2022-11-27T13:46:48.000Z,HS6PAL,Cabin Trolley M5 Smart,All Black,2400,204.1,2023-02-10
recrDuWNE2PerQtOK,recmleCSx7a5jebiB,2022-11-27T13:46:48.000Z,HS0IOL,Wallet,Grey Lavender,400,37.07,2022-02-28
rech0cYI86jFFXgVz,recrapa3IOqY6AW74,2022-12-09T07:36:02.000Z,HS0FVQ,Checkin Trolley H7 Smart,Glossy Graphite,600,354.87,2023-04-01
recNXp6R8l1zY5NB5,recgdehXsTpikaOdD,2023-05-19T07:41:27.000Z,HS7UAX,Cabin Trolley H5 Essential,All Black,800,198.91,2023-08-15
reclEgIaN708ujNzS,recEeBxWVVu30q1k0,2023-07-25T12:59:46.000Z,HS2ZLD,Checkin Trolley H7 Essential,Night Blue,4000,283.33,
rec2INGtaK8qBo8oA,recs9YN068n0LtOYt,2022-11-27T13:46:48.000Z,HS6MDZ,Cabin Trolley M5 Essential,Marine Green,1000,187.39,2022-07-15
rec8lEELI4CQ6cNko,recRd1et2nPMC4iy4,2022-11-27T13:46:48.000Z,HS2V9V,Liquids Bag,Black,2000,22.5,2022-08-31
recCsYMZMfLxGsrKF,rec9cfSHhvvqoQRnH,2022-11-27T13:46:48.000Z,HS3UJG,Shibuya Weekender M,Light Quartz Grey,1600,92.41,2022-09-20
recDvQtr0bkeF2UTx,recU9jQUdK3ZLAF3p,2022-11-27T13:46:48.000Z,HS63MK,Wallet,All Black,1200,37.07,2022-05-21
recM4BM8ZGOnHEBOc,recRd1et2nPMC4iy4,2022-11-27T13:46:48.000Z,HS1AMV,SoFo Weekender L,Sand Rose,400,191.38,2022-10-10
recSgKDrKY9hZfgVl,recmleCSx7a5jebiB,2022-11-27T13:46:48.000Z,HS038J,Wallet,Sand Rose,400,37.07,2022-02-28
recZ75P1iHgKMarcT,recR42GY2wfmYA7ly,2022-11-27T13:46:48.000Z,HS7KZP,Checkin Trolley H6 Essential,Grey Lavender,800,238.55,2022-12-08
recn4JNdhm48F9uoG,recfAmrxWvZWlKT10,2022-11-27T13:46:48.000Z,HS3RYJ,Cabin Trolley H5 Smart,Blue Vega,400,203.36,2022-04-15
recqJuz2u1Xpt0qJ1,recfirmJPfiiJAfYV,2022-11-27T13:46:48.000Z,HS7053,Gion Backpack Pro S,Marine Green/Neon Orange,400,155.2,2022-09-12
recu2LXu25asYJ6jA,rec8k3oLwhtga78iL,2022-11-27T13:46:48.000Z,HS3RYJ,Cabin Trolley H5 Smart,Blue Vega,600,202.92,2022-09-01
rec0q9LzTIyBbMObs,recyQZkROyTsRjyn0,2023-02-20T09:00:56.000Z,HS58NR,Checkin Trolley H6 Essential,Dark Olive,800,253.33,2023-04-01
rechHSS0hPx1E1882,rec66yWd0p9QTWim0,2023-07-06T12:46:09.000Z,HS7UAX,Cabin Trolley H5 Essential,All Black,3000,187.01,
recGQvT0eBvEXc1g2,recabsOvaHcmbaUno,2023-07-28T08:47:24.000Z,HS20D8,Sofo Rolltop Backpack X,Dark Olive,1200,132.93,
recKXwm6hDzU7onzC,rec8k3oLwhtga78iL,2022-11-27T13:46:48.000Z,HS58NR,Checkin Trolley H6 Essential,Dark Olive,400,239.14,2022-10-15
recIVoQVThJJRjs5i,rec66BmSGUbWxU6LI,2022-11-27T13:46:48.000Z,HS5Z9Y,Gion Crossbody Bag M,Blue Vega/Neon Orange,200,84.05,2022-03-01
recsiwuYreMsFnQBD,recncVqfxFCcWHHVR,2022-11-27T13:46:48.000Z,HS25LC,Gion Backpack Pro M,Graphite,400,172.53,2022-09-13
rec0k38nx6UwTLDg9,recrapa3IOqY6AW74,2022-12-09T07:33:45.000Z,HS8MRV,Checkin Trolley H6 Smart,Dark Olive,600,272.28,2023-04-01
recsQAIu2WW0j9AnL,recHdpn3g3HrIBM4k,2023-05-19T07:28:46.000Z,HS056I,Checkin Trolley H6 Essential,Glossy True Red,600,252.12,2023-06-15
recqSh3dbFrlkPlF2,recpbPwq2R7iZf2H5,2023-05-19T07:54:15.000Z,HS7G0W,Checkin Trolley H7 Smart,All Black,1000,306.63,2023-09-01
recnZUATQB7GFBYhN,recRd1et2nPMC4iy4,2022-11-27T13:46:48.000Z,HS8QBC,SoFo Weekender M,Black,1200,166.73,2022-10-10
rec1zptq66WFnYPux,rec8k3oLwhtga78iL,2022-11-27T13:46:48.000Z,HS5CNT,Checkin Trolley H7 Essential,Glossy True Red,600,310.13,2022-09-01
recM5lJ7lrZ52bUAd,rec0P5cZqFI3OMzgl,2022-11-27T13:46:48.000Z,HS88UG,"Kōenji Laptop Case 13""",Dark Olive,800,66.2,2022-04-15
recMl5XJEouMNuBIX,rec93Lxow9eSO5KcL,2022-11-27T13:46:48.000Z,HS6PAL,Cabin Trolley M5 Smart,All Black,1400,214.29,2022-08-15
recQ9z5fnojK644dx,recRQz4YDkdJ9Otd1,2022-11-27T13:46:48.000Z,HS6KYM,Gion Crossbody Bag S,All Black,2000,45.93,2022-12-15
recSbpYzochoQaaTc,recR42GY2wfmYA7ly,2022-11-27T13:46:48.000Z,HS8TGS,Cabin Trolley H5 Essential,Glossy Blue Vega,800,195.66,2022-12-08
recVSlFYuH6b7aHZj,rec8k3oLwhtga78iL,2022-11-27T13:46:48.000Z,HS4GQ2,Cabin Trolley M5 Essential,Light Quartz Grey,600,186.94,2022-10-15
recVUgWNqZrW2otKF,recncVqfxFCcWHHVR,2022-11-27T13:46:48.000Z,HS25LC,Gion Backpack Pro M,Graphite,3200,172.53,2022-09-13
recWYPStRunXN5bk7,rec5vY8ssbNf68Pnr,2022-11-27T13:46:48.000Z,HS1DCD,Cabin Trolley M5 Essential,All Black,2800,195.01,2022-11-10
recfeVpOvhV2DjfN6,rec8k3oLwhtga78iL,2022-11-27T13:46:48.000Z,HS6MDZ,Cabin Trolley M5 Essential,Marine Green,600,186.94,2022-09-01
recioqdVFunF4hCan,recTrTkMc7erNIVjx,2022-11-27T13:46:48.000Z,HS7XTM,M5 Smart,Graphite,6072,203.44,2022-01-20
reckRzT8ywi3CqROC,recfirmJPfiiJAfYV,2022-11-27T13:46:48.000Z,HS0WHF,Gion Backpack Pro S,Sand/Neon Yellow,400,155.2,2022-09-12
recoJJOFLlVAzdxxQ,rec5vY8ssbNf68Pnr,2022-11-27T13:46:48.000Z,HS8CZF,Cabin Trolley M5 Smart,Glossy Night Blue,2400,214.29,2022-10-05
recsOKKJJ5HRfiqct,rec0P5cZqFI3OMzgl,2022-11-27T13:46:48.000Z,HS4668,"Kōenji Laptop Case 13""",Sand,800,66.2,2022-04-15
rectLyrKr5A0ElgzJ,rec5vY8ssbNf68Pnr,2022-11-27T13:46:48.000Z,HS4OAL,Checkin Trolley H6 Essential,All Black,1600,236.73,2022-11-10
recvhlnc8folW7O7x,rec8k3oLwhtga78iL,2022-11-27T13:46:48.000Z,HS1DCD,Cabin Trolley M5 Essential,All Black,800,186.94,2022-10-15
recujc9XTEox9tGW3,recrapa3IOqY6AW74,2022-12-09T07:29:49.000Z,HS69WL,Cabin Trolley H5 Essential,Glossy Graphite,600,208.65,2023-04-01
rec7oEvDPssjDpbX8,recu5UHiZmKKNt1C4,2023-02-20T08:50:52.000Z, HS2JXS ,Liquids Bag,Night Blue,1200,27.32,2023-04-03
recfeSc9uvbNHfkUa,rec66yWd0p9QTWim0,2023-07-06T12:54:26.000Z,HS7UK1,Checkin Trolley H7 Essential,Glossy Night Blue,800,279.75,
rec1Gs3OzvaRP1TLo,recPnLgxC5oprvfFv,2022-11-27T13:46:48.000Z,HS84SL,Top Case,True Red,1200,58,2022-09-18
recFxtgoZonD708bK,rec8k3oLwhtga78iL,2022-11-27T13:46:48.000Z,HS2M6I,Checkin Trolley H7 Essential,Glossy Graphite,600,310.13,2022-09-01
receMFtJ4G9gAv8m4,recPnLgxC5oprvfFv,2022-11-27T13:46:48.000Z,HS8D67,Koenji Washbag M,Light Quartz Grey,1200,56.07,2022-11-30
rectqGJmv2VT4ht9W,recNqVI0DjJi0lZ6l,2022-11-27T13:46:48.000Z,HS239W,Tech Organiser,All Black,2000,58.05,2022-05-15
recuA7724u7muCI29,recdYUZ4udjM0GSMq,2022-11-27T13:46:48.000Z,HS7KZP,Checkin Trolley H6 Essential,,800,245.83,2022-04-26
recodgcEL7gksn2da,recyki6VJDs30ipxk,2022-12-23T07:08:28.000Z,HS3DAX,Aoyama Crossbody,Bright Amber,2000,8.05,2023-04-17
recYtoA6ooDt4l2qy,recBAFAjdkIxy0AMt,2023-05-19T07:38:03.000Z,HS2MDP,Cabin Trolley H5 Essential,Glossy Bright Amber,800,203.21,2023-06-30
recx1RttRNKa5Qf4m,recVYg7OHg0EzdmUG,2023-05-19T07:45:19.000Z,HS4JN6,Cabin Trolley M5 Essential,Glossy True Red,600,134.08,2023-08-15
rec0V3eGgmpEQc40h,recncVqfxFCcWHHVR,2022-11-27T13:46:48.000Z,HS5ODX,Gion Backpack Essential M,All Black,1200,119.87,2022-09-13
rec0iz6HqDyq37w9C,rec8k3oLwhtga78iL,2022-11-27T13:46:48.000Z,HS5A0W,Checkin Trolley H7 Essential,Marine Green,600,310.13,2022-09-01
recIhxw7nywzIpnjb,recNqVI0DjJi0lZ6l,2022-11-27T13:46:48.000Z,HS2QOC,SoFo Rolltop Backpack,Night Blue,2000,114.85,2022-05-15
recJNZqtUDWnCd92k,rec0P5cZqFI3OMzgl,2022-11-27T13:46:48.000Z,HS5TXN,Gion Backpack M,Black,1200,172.53,2022-04-15
recQpo6ZkUtMUoznR,recNqVI0DjJi0lZ6l,2022-11-27T13:46:48.000Z,HS3V4V,SoFo Backpack City,Sand,1200,220.4,2022-05-15
recV1NfP8A0iqGXFc,rec93Lxow9eSO5KcL,2022-11-27T13:46:48.000Z,HS0GSB,Checkin Trolley H6 Essential,Glossy Graphite,400,237.27,2022-08-15
recWKgx0GQRvc7elG,recNqVI0DjJi0lZ6l,2022-11-27T13:46:48.000Z,HS8QBC,SoFo Weekender M,Black,1600,168.07,2022-05-15
reckNKzmBmKMOylRG,rec5vY8ssbNf68Pnr,2022-11-27T13:46:48.000Z,HS68V5,Cabin Trolley M5 Essential,Glossy Graphite,1800,195.01,2022-11-10
rectXBpmpYcecFVtz,rec66BmSGUbWxU6LI,2022-11-27T13:46:48.000Z,HS05EE,Gion Backpack Pro M,Graphite/Neon Green,200,208.45,2022-03-01
reczFG88orbnVrTbC,recRd1et2nPMC4iy4,2022-11-27T13:46:48.000Z,HS0ZMQ,SoFo Weekender M,Dark Olive,1200,166.73,2022-10-10
rec5KldN0aurUCIba,recXLtOG28CLCDqzc,2022-12-09T07:46:03.000Z,HS1H0L,Checkin Trolley H6 Smart,All Black,800,259.94,2023-04-20
recgT7iYz9yh7i8yc,rec9YiSsDlbXNH0WY,2023-05-19T07:34:40.000Z,HS7UJQ,Cabin Trolley H5 Re-Series,Bright Amber,1200,217.71,2023-07-01
recUSe63MsjLIbdwC,recBAFAjdkIxy0AMt,2023-05-19T07:38:03.000Z,HS4LGE,Cabin Trolley M5 Essential,Glossy Blue Vega,600,200.75,2023-06-30
rec1MPQVcWRnQxKKA,recR42GY2wfmYA7ly,2022-11-27T13:46:48.000Z,HS4OAL,Checkin Trolley H6 Essential,All Black,1200,238.55,2022-12-08
rec2LVfOqoUUZCBz1,recncVqfxFCcWHHVR,2022-11-27T13:46:48.000Z,HS5TXN,Gion Backpack Pro M,All Black,1200,172.53,2022-09-13
recSCSla4oAOTpwXw,rec8k3oLwhtga78iL,2022-11-27T13:46:48.000Z,HS5GPC,Cabin Trolley H5 Essential,Light Quartz Grey,600,185.47,2022-09-01
recpAHGQW3aH5ZQNF,recdBysdkxHTrLgRU,2022-11-27T13:46:48.000Z,HS0Y86,Shibuya Totepack M,All Black,4000,8.99,2022-06-20
recqAPstDzoVrFLH3,rec8k3oLwhtga78iL,2022-11-27T13:46:48.000Z,HS7UAX,Cabin Trolley H5 Essential,All Black,1000,185.47,2022-09-01
recwJCA0YlxeZMH0D,rec66BmSGUbWxU6LI,2022-11-27T13:46:48.000Z,HS6J3I,Gion Backpack Pro M,Night Blue/Neon Yellow,200,208.45,2022-03-01
recoWbTjbb95wiAuB,recKL3NiZYC8IvwsY,2022-12-23T07:16:41.000Z,HS2AVJ,Gion Briefcase _ Mercedes Benz_,Graphite,4000,192.05,2023-02-10
recnR0QvRjaFzqmCD,recHdpn3g3HrIBM4k,2023-05-19T07:28:46.000Z,HS54PL,Cabin Trolley H5 Essential,Grey Lavender,800,196.75,2023-06-15
recj5N5O15NptdQeJ,recgdehXsTpikaOdD,2023-05-19T07:41:27.000Z,HS58NR,Checkin Trolley H6 Essential,Dark Olive,800,249.89,2023-08-15
rec2heKFvx1mIBa9F,recpbPwq2R7iZf2H5,2023-05-19T07:54:15.000Z,HS5DZZ,Checkin Trolley H6 Essential,Graphite,800,249.89,2023-09-01
rec36SBBgpEgRa48j,rec66yWd0p9QTWim0,2023-07-06T12:51:51.000Z,HS0GSB,Checkin Trolley H6 Essential,Glossy Graphite,800,236.73,
recS1hZNo0Bi3NmTB,recRd1et2nPMC4iy4,2022-11-27T13:46:48.000Z,HS8CF7,SoFo Backpack Travel,Sand,0,289.3,
rec33QmK0rtVAQY0a,rec5vY8ssbNf68Pnr,2022-11-27T13:46:48.000Z,HS2VER,Checkin Trolley H6 Essential,Glossy Night blue,3000,236.73,2022-10-05
rec4rYKJMVkIa8CCG,recfirmJPfiiJAfYV,2022-11-27T13:46:48.000Z,HS4H6P,Gion Backpack Pro S,Blue Vega/Neon Orange,400,155.2,2022-09-12
recJNh3yPcjgfyU0M,recs9YN068n0LtOYt,2022-11-27T13:46:48.000Z,HS0YP1,Cabin Trolley M5 Smart,Night Blue,1800,202.61,2022-07-15
recJYOr7UteRlL6ZQ,recRd1et2nPMC4iy4,2022-11-27T13:46:48.000Z,HS1QEV,SoFo Weekender L,Black,1200,191.38,2022-10-10
recQO6R96yaaBHFr6,recdBysdkxHTrLgRU,2022-11-27T13:46:48.000Z,HS4QLN,Shibuya Daypack M,Grey Lavender / Sand Rose,2000,7.79,2022-06-20
recfeY22tlJ8NjRNu,recPnLgxC5oprvfFv,2022-11-27T13:46:48.000Z,HS8NIF,"Kōenji Laptop Case 13""",Red,1200,66.2,2022-09-18
reclpYOI24Szs1K64,recRd1et2nPMC4iy4,2022-11-27T13:46:48.000Z,HS2GK0,SoFo Rolltop Backpack,Sand Rose,800,114.85,2022-11-30
recpy9dGW8fdoPmlc,recs9YN068n0LtOYt,2022-11-27T13:46:48.000Z,HS8EE4,Checkin Trolley H7 Smart,Marine Green,600,329.07,2022-05-30
recuKti2A5GFAOsve,recRd1et2nPMC4iy4,2022-11-27T13:46:48.000Z,HS8CF7,SoFo Backpack Travel,Sand,0,289.3,
recuOSEiUYgHo3qGX,recR42GY2wfmYA7ly,2022-11-27T13:46:48.000Z,HS1DCD,Cabin Trolley M5 Essential,All Black,2000,191.26,2022-12-23
recVYYRqby23fqdKK,recHdpn3g3HrIBM4k,2023-05-19T07:28:46.000Z,HS4B41,Cabin Trolley M5 Smart,Light Quartz Grey,600,207.05,2023-06-15
rec25jwdczrDzmVFu,recPair6yBhGfEPXy,2022-11-27T13:46:48.000Z,HS8H1J,Checkin Trolley H6 Smart,Glossy Night Blue,800,258.93,2023-02-10
rec6ZmIqbBUfLrflN,recs9YN068n0LtOYt,2022-11-27T13:46:48.000Z,HS3BVB,Checkin Trolley H6 Essential,Glossy Lemon,600,230.39,2022-07-15
recMARbJP6Mg4CSXI,recncVqfxFCcWHHVR,2022-11-27T13:46:48.000Z,HS2DEQ,Gion Backpack Pro S,All Black,400,155.2,2022-09-13
recMyj3G5yPiMrPc6,recPair6yBhGfEPXy,2022-11-27T13:46:48.000Z,HS21ZA,Checkin Trolley H6 Smart,Glossy Graphite,800,258.93,2023-02-10
recQnTUgvxyZeCgG9,recuc1RxE5xXJNeyF,2022-11-27T13:46:48.000Z,HS6GKL,Top Case,Graphite,4060,63.97,2022-03-01
recaJWMDySW5rqtrT,recncVqfxFCcWHHVR,2022-11-27T13:46:48.000Z,HS3VK7,Gion Backpack Essential S,Graphite,1200,128.51,2022-09-13
recqbi0UZe93eIbqq,recRQz4YDkdJ9Otd1,2022-11-27T13:46:48.000Z,HS886S,Packing Cubes,Dark Olive,1200,78.34,2022-12-15
recUlFGjZPk35nWAU,recrapa3IOqY6AW74,2022-12-09T07:29:08.000Z,HS5GPC,Cabin Trolley H5 Essential,Light Quartz Grey,600,202.77,2023-04-01
reccVIQpFtyThL5SG,recrapa3IOqY6AW74,2022-12-09T07:30:52.000Z,HS1J6E,Cabin Trolley M5 Smart,Glossy Graphite,800,219.03,2023-04-01
recgBVd0dI0yk0u1A,recXLtOG28CLCDqzc,2022-12-09T07:46:03.000Z,HS7G0W,Checkin Trolley H7 Smart,All Black,800,301.57,2023-04-20
reca0z3WGUdfmELIr,rec9YiSsDlbXNH0WY,2023-05-19T07:34:40.000Z,HS5CLO,Cabin Trolley H5 Re-Series,All Black,1800,217.71,2023-07-01
recc2PMYP0n1iKKn5,recpbPwq2R7iZf2H5,2023-05-19T07:54:15.000Z,HS4OAL,Checkin Trolley H6 Essential,All Black,800,249.89,2023-09-01
rec9GUvy8bMAghOnj,recs9YN068n0LtOYt,2022-11-27T13:46:48.000Z,HS5CNT,Checkin Trolley H7 Essential,Glossy Red,600,332.63,2022-06-15
recWoJpjiAkKkLUeG,rec9cfSHhvvqoQRnH,2022-11-27T13:46:48.000Z,HS42VT,Shibuya Totepack S,Light Quartz Grey,1600,65.94,2022-09-20
recdQzEuuCkz8ZUQd,recs9YN068n0LtOYt,2022-11-27T13:46:48.000Z,HS6I6Y,Checkin Trolley H7 Essential,Blue Vega,800,310.57,2022-07-15
recp5IkGj7uVSmlnx,rec5vY8ssbNf68Pnr,2022-11-27T13:46:48.000Z,HS1J6E,Cabin Trolley M5 Smart,Glossy Graphite,1200,214.29,2022-10-05
recrKWLGiSJMDBVjN,recyQZkROyTsRjyn0,2023-02-20T09:00:56.000Z,HS08XM,Checkin Trolley H7 Essential,Night Blue,800,324.67,2023-04-01
reci0x385RU0RdUHP,recu35eEb4d5d3vra,2023-05-19T07:20:41.000Z, HS4N6O ,SoFo Backpack Travel,All Black,1200,58.75,2023-06-15
recevhzAkeqoWSLqs,recpbPwq2R7iZf2H5,2023-05-19T07:54:15.000Z,HS7UBN,Cabin Trolley H5 Essential,Graphite,1200,198.91,2023-09-01
rec6xVrNq0xuiZYK2,rec66yWd0p9QTWim0,2023-07-06T12:47:07.000Z,HS3WXE,Cabin Trolley H5 Essential,Glossy Night Blue,800,187.01,
recIhcJKgv9s2sUwW,recPnLgxC5oprvfFv,2022-11-27T13:46:48.000Z,HS874W,Koenji Washbag L,Graphite,1200,60.75,2022-11-30
recNAqsyFwwTjahfO,rec5vY8ssbNf68Pnr,2022-11-27T13:46:48.000Z,HS69WL,Cabin Trolley H5 Essential,Glossy Graphite,800,187.01,2022-10-05
recNSGjMMP4ZjHu7m,rec5vY8ssbNf68Pnr,2022-11-27T13:46:48.000Z,HS7UK1,Checkin Trolley H7 Essential,Glossy Night blue,800,279.75,2022-10-05
recOiXysriCyNmm6W,recRd1et2nPMC4iy4,2022-11-27T13:46:48.000Z,HS4N6O,SoFo Backpack Travel,All Black,400,289.3,2022-08-31
recOnhJbbdREkc8SD,rec8k3oLwhtga78iL,2022-11-27T13:46:48.000Z,HS7UK1,Checkin Trolley H7 Essential,Glossy Night blue,800,310.13,2022-09-01
rechvmPnIyaEaiOlt,recncVqfxFCcWHHVR,2022-11-27T13:46:48.000Z,HS5TXN,Gion Backpack Pro M,All Black,2400,172.53,2022-09-13
reciXTTdgWvH9sakB,rec8k3oLwhtga78iL,2022-11-27T13:46:48.000Z,HS4JN6,Cabin Trolley M5 Essential,Glossy True Red,400,186.94,2022-09-01
recGshOk59FdTpzl9,recHdpn3g3HrIBM4k,2023-05-19T07:28:46.000Z,HS10NS,Checkin Trolley H7 Essential,Dark Olive,600,309.02,2023-06-15
recoJ0s4xfYNsnJIX,recHdpn3g3HrIBM4k,2023-05-19T07:28:46.000Z,HS1NY9,Cabin Trolley H5 Essential,Glossy True Red,600,202.63,2023-06-15
recrQAkoEOU2ykcU5,recBAFAjdkIxy0AMt,2023-05-19T07:38:03.000Z,HS3CXI,Checkin Trolley H6 Essential,Glossy Bright Amber,600,252.89,2023-06-30
rec46cOq05xvJhCQ8,recncVqfxFCcWHHVR,2022-11-27T13:46:48.000Z,HS33BZ,Gion Backpack Pro S,Dark Olive,1600,155.2,2022-09-13
rec7gjJ3IkXQGcAwI,recRd1et2nPMC4iy4,2022-11-27T13:46:48.000Z,HS1AMV,SoFo Weekender L,Sand Rose,800,191.38,2022-10-10
recCjpV2B8zxKcd3I,recs9YN068n0LtOYt,2022-11-27T13:46:48.000Z,HS7Y3B,Checkin Trolley H6 Essential,Pale Rose,400,239.59,2022-05-30
recGS0nenJ0moWJuY,recncVqfxFCcWHHVR,2022-11-27T13:46:48.000Z,HS5PHN,Gion Backpack Pro S,Graphite,1200,155.2,2022-09-13
recLxkFb7RMLm6cCD,recRQz4YDkdJ9Otd1,2022-11-27T13:46:48.000Z,HS4MGZ,SoFo Crossbody Bag M,Black,1200,57.53,2022-12-15
recjJBzj3a2UI7SLk,recNqVI0DjJi0lZ6l,2022-11-27T13:46:48.000Z,HS3LDW,SoFo Weekender M,Sand,0,168.07,2022-05-15
reck6YtajFsyCVfNJ,rec8k3oLwhtga78iL,2022-11-27T13:46:48.000Z,HS6I6Y,Checkin Trolley H7 Essential,Blue Vega,600,310.13,2022-10-15
reckkkjd3ekkX7O8d,recLPPV8l4jqKvTTz,2022-11-27T13:46:48.000Z,HS6VIF,Chiado Crossbody,Off Tan,2000,13.49,2022-05-10
reckm7P5f1nlOYU5n,rec0P5cZqFI3OMzgl,2022-11-27T13:46:48.000Z,HS44N5,Gion Crossbody Bag S,Night Blue,1200,45.93,2202-05-15
recm6xxkPoYUISCge,recR42GY2wfmYA7ly,2022-11-27T13:46:48.000Z,HS3CXI,Checkin Trolley H6 Essential,Glossy Bright Amber,800,246.03,2022-12-08
recnTxq1hPDTSWbUF,recNqVI0DjJi0lZ6l,2022-11-27T13:46:48.000Z,HS5PC3,Gion Backpack M,Night Blue,1800,172.53,2022-05-15
recq38lwyZtttcWU3,recRd1et2nPMC4iy4,2022-11-27T13:46:48.000Z,HS4N6O,SoFo Backpack Travel,All Black,400,289.3,2022-08-31
rec0F1vVSlmfAcrN7,recRQz4YDkdJ9Otd1,2023-01-05T18:24:35.000Z, HS8QBC ,SoFo Weekender,All Black,1060,,2022-12-15
rec1DU3TSkTDhxs2L,recyQZkROyTsRjyn0,2023-02-20T09:00:56.000Z,HS3H07,Cabin Trolley H5 Smart,Dark Olive,800,218,2023-04-01
recEeiW9zbt6dU5tF,recHdpn3g3HrIBM4k,2023-05-19T07:28:46.000Z,HS71GO,Cabin Trolley H5 Smart,Glossy Night Blue,600,217.7,2023-06-15
recGaRFtXCasZaN5b,recgdehXsTpikaOdD,2023-05-19T07:41:27.000Z,HS0RP1,Cabin Trolley M5 Smart,Dark Olive,800,222.56,2023-08-15
recT6Qp9ZdPzDkKmO,recpbPwq2R7iZf2H5,2023-05-19T07:54:15.000Z,HS0RP1,Cabin Trolley M5 Smart,Dark Olive,1000,222.56,2023-09-01
reccBgTyCEtc68ygw,rec66yWd0p9QTWim0,2023-07-06T12:49:41.000Z,HS68V5,Cabin Trolley M5 Essential,Glossy Graphite,1800,195.01,
recxpkvGpKirUoxXr,rec66yWd0p9QTWim0,2023-07-06T12:51:21.000Z,HS2VER,Checkin Trolley H6 Essential,Glossy Night Blue,2200,236.73,
rec8TaGrZhBpJqTiy,recPair6yBhGfEPXy,2022-11-27T13:46:48.000Z,HS71GO,Cabin Trolley H5 Smart,Glossy Night Blue,1000,206.29,2023-02-10
recJACSrgA94XLk3u,rec66BmSGUbWxU6LI,2022-11-27T13:46:48.000Z,HS8FAM,Cardholder,Blue Vega/Neon Orange,200,20.76,2022-03-01
recThUSBkFyhHbEY6,rec5vY8ssbNf68Pnr,2022-11-27T13:46:48.000Z,HS7UAX,Cabin Trolley H5 Essential,All Black,3000,187.01,2022-10-05
recU6oTlaBAu13ZSq,recJ87LJuJGWqwuCK,2022-11-27T13:46:48.000Z,HS3LCN,Gion Backpack Essential S,All Black,1200,106.67,2022-06-30
recUZRShQm99CrJHC,rec93Lxow9eSO5KcL,2022-11-27T13:46:48.000Z,HS4OAL,Checkin Trolley H6 Essential,All Black,800,236.73,2022-08-15
recbjKWN2YBLBYuOq,recNqVI0DjJi0lZ6l,2022-11-27T13:46:48.000Z,HS273T,Koenji Washbag M,Marine Green,800,56.07,2022-05-15
recjWnjNmYMph5DkP,recdBysdkxHTrLgRU,2022-11-27T13:46:48.000Z,HS52Y5,Shibuya Daypack M,Glossy Lemon / Light Quartz Grey,2000,7.79,2022-06-20
reclXBMWq937eqOnb,recU9jQUdK3ZLAF3p,2022-11-27T13:46:48.000Z,HS18Y6,Wallet,Light Quartz Grey,400,37.07,2022-05-21
recmeI3TOp0Wm9N5T,recncVqfxFCcWHHVR,2022-11-27T13:46:48.000Z,HS3LCN,Gion Backpack Essential S,All Black,800,115.93,2022-09-13
recn5dDrAG6yEJ5UY,recmleCSx7a5jebiB,2022-11-27T13:46:48.000Z,HS3RJH,Wallet,Marine Green,400,37.07,2022-02-28
recvrfKCb1m0KayAZ,recNqVI0DjJi0lZ6l,2022-11-27T13:46:48.000Z,HS2AEC,Gion Backpack S,Marine Green,1200,145.13,2022-05-15
reczeCbB5TKkxMdIQ,rec8k3oLwhtga78iL,2022-11-27T13:46:48.000Z,HS1J6E,Cabin Trolley M5 Smart,Glossy Graphite,800,202.17,2022-11-01
recnVdCapgMSqvR90,recyQZkROyTsRjyn0,2023-02-20T09:00:56.000Z,HS2VFJ,Checkin Trolley H6 Essential,Night Blue,600,253.33,2023-04-01
rec97crqfuR5g4iCU,rec66yWd0p9QTWim0,2023-07-06T12:46:35.000Z,HS69WL,Cabin Trolley H5 Essential,Glossy Graphite,800,187.01,
rec9p5FFe2zWo7bXG,rec66yWd0p9QTWim0,2023-07-06T12:49:09.000Z,HS1DCD,Cabin Trolley M5 Essential,All Black,2800,195.01,
rec3g6cGVNWrWRA6e,rec5vY8ssbNf68Pnr,2022-11-27T13:46:48.000Z,HS0GSB,Checkin Trolley H6 Essential,Glossy Graphite,800,236.73,2022-10-05
rec4W54x6vANyAB1O,recPnLgxC5oprvfFv,2022-11-27T13:46:48.000Z,HS4VHB,Koenji Washbag M,Night Blue,1200,56.07,2022-11-30
rec7NDxDZrIeXmsRb,recU9jQUdK3ZLAF3p,2022-11-27T13:46:48.000Z,HS017V,Wallet,Dark Olive,600,37.07,2022-05-21
rec98gbTFpZS4MGkC,rec0P5cZqFI3OMzgl,2022-11-27T13:46:48.000Z,HS4FS5,Gion Crossbody Bag S,Dark Olive,1200,45.93,2202-05-15
recirVAeUMo24aAZk,recU9jQUdK3ZLAF3p,2022-11-27T13:46:48.000Z,HS3FW1,Cardholder,Marine Green,400,17.91,2022-05-21
recrYwdtCxNVdUnDd,recNqVI0DjJi0lZ6l,2022-11-27T13:46:48.000Z,HS5Q2I,SoFo Weekender L,Sand,0,191.38,2022-05-15
recs9QUBMoutfJOQH,recR42GY2wfmYA7ly,2022-11-27T13:46:48.000Z,HS7G0W,Checkin Trolley H7 Smart,All Black,800,325.6,2023-02-10
recuTIj2HzO7BSVAK,recRd1et2nPMC4iy4,2022-11-27T13:46:48.000Z,HS4D6M,SoFo Backpack City,Black,1200,220.4,2022-11-30
recFYeYCPN4sTvxa5,recXLtOG28CLCDqzc,2022-12-09T07:46:03.000Z,HS7NJZ,Checkin Trolley H7 Essential,All Black,800,279.02,2023-04-20
recoT5LOIJLV3hz5P,recu5UHiZmKKNt1C4,2023-02-20T08:50:52.000Z, HS88DL ,Top Case,Dark Olive,1200,124.57,2023-04-03
recPHeEHe1vxWlIms,recu35eEb4d5d3vra,2023-05-19T07:20:41.000Z, HS4Q9T ,Top Case,Blue Vega,1200,290.87,2023-06-15
recrwJpIwFRYyofbr,recHdpn3g3HrIBM4k,2023-05-19T07:28:46.000Z,HS68V5,Cabin Trolley M5 Essential,Glossy Graphite,800,200.17,2023-06-15
recOtgg95iOkyz6Bu,rec8k3oLwhtga78iL,2022-11-27T13:46:48.000Z,HS58NR,Checkin Trolley H6 Essential,Dark Olive,400,239.14,2022-10-15
rec9NzzGceeq4rdiy,recncVqfxFCcWHHVR,2022-11-27T13:46:48.000Z,HS40RH,Gion Backpack Pro M,Blue Vega,1600,172.53,2022-09-13
recDs64uBpSuHg66k,recdBysdkxHTrLgRU,2022-11-27T13:46:48.000Z,HS06O4,Shibuya Daypack M,All Black / Grey Lavender,2000,7.79,2022-06-20
recFWjmLJ5ivVrl1E,recRd1et2nPMC4iy4,2022-11-27T13:46:48.000Z,HS1QEV,SoFo Weekender L,Black,800,191.38,2022-10-10
recHtqxkGFeVTfTtX,recmleCSx7a5jebiB,2022-11-27T13:46:48.000Z,HS017V,Wallet,Dark Olive,400,37.07,2022-02-28
recLvTv4PCo5Qc2hh,recR42GY2wfmYA7ly,2022-11-27T13:46:48.000Z,HS12YE,Checkin Trolley H7 Essential,Glossy Bright Amber,800,323.71,2022-12-08
recba5koXNexhXbRW,recPair6yBhGfEPXy,2022-11-27T13:46:48.000Z,HS68V5,Cabin Trolley M5 Essential,Glossy Graphite,800,195.01,2022-12-30
reckOWardLiZJG40z,recPair6yBhGfEPXy,2022-11-27T13:46:48.000Z,HS1J6E,Cabin Trolley M5 Smart,Glossy Graphite,1200,214.29,2023-02-10
recqA4uPv0qv8W7o8,rec93Lxow9eSO5KcL,2022-11-27T13:46:48.000Z,HS2VER,Checkin Trolley H6 Essential,Glossy Night Blue,400,237.27,2022-08-15
reczLD6fxquBw8VNe,recmleCSx7a5jebiB,2022-11-27T13:46:48.000Z,HS1O3C,Cardholder,All Black,400,17.91,2022-02-28
recRdxS0dTLgmbENq,recgdehXsTpikaOdD,2023-05-19T07:41:27.000Z,HS4OAL,Checkin Trolley H6 Essential,All Black,1200,249.89,2023-08-15
recAY8WcFqEiv39xD,rece2BBr1UhSTDdE6,2023-07-06T12:26:44.000Z,HS6AQY,Cabin Trolley M5 Essential,Dark Olive,1000,186.94,
recIA4C1bfaY6z2rr,recdYUZ4udjM0GSMq,2022-11-27T13:46:48.000Z,HS1LVJ,Checkin Trolley H7 Essential,,800,322.79,2022-04-26
recOymEVmaKtl8o15,rec8k3oLwhtga78iL,2022-11-27T13:46:48.000Z,HS7MS6,Cabin Trolley H5 Smart,Marine Green,600,202.92,2022-09-01
recPnA4H9FlHmlVaN,recncVqfxFCcWHHVR,2022-11-27T13:46:48.000Z,HS3LCN,Gion Backpack Essential S,All Black,1200,115.93,2022-09-13
recnRP7PO4Y5SMoyW,rec8k3oLwhtga78iL,2022-11-27T13:46:48.000Z,HS87OV,Cabin Trolley M5 Essential,Neon Blue Vega/Orange,400,186.94,2022-09-01
recxy2PE9HiJNrb5U,recPair6yBhGfEPXy,2022-11-27T13:46:48.000Z,HS0RP1,Cabin Trolley M5 Smart,Dark Olive,2000,214.29,2023-02-10
recfJJ2GW8tbz71jy,recu5UHiZmKKNt1C4,2023-02-20T08:50:52.000Z, HS80IY ,Liquids Bag,Dark Olive,1200,27.32,2023-04-03
recnNPetw07k9RGey,recHdpn3g3HrIBM4k,2023-05-19T07:28:46.000Z,HS688X,Checkin Trolley H6 Essential,Glossy Agave Green,800,252.12,2023-06-15
recFW0DfGuDjBJmHK,recBAFAjdkIxy0AMt,2023-05-19T07:38:03.000Z,HS4715,Checkin Trolley H6 Essential,Glossy Blue Vega,600,252.89,2023-06-30
recnjoe2Y425uGFl7,recVYg7OHg0EzdmUG,2023-05-19T07:45:19.000Z,HS1LVJ,Checkin Trolley H7 Essential,Grey Lavender,600,310.15,2023-08-15
recnnWn8CasX0nPGK,recVYg7OHg0EzdmUG,2023-05-19T07:45:19.000Z,HS08XM,Checkin Trolley H7 Essential,Night Blue,1000,310.15,2023-08-15
recwjpj6KVRVV0WB3,rec66yWd0p9QTWim0,2023-07-06T12:54:55.000Z,HS7G0W,Checkin Trolley H7 Smart,All Black,800,302.27,
recYHMWTD5HsmR4Ur,recRd1et2nPMC4iy4,2022-11-27T13:46:48.000Z,HS8QBC,SoFo Weekender M,Black,1200,166.73,2022-10-10
recNwziMYhsZ3n2n8,recNqVI0DjJi0lZ6l,2022-11-27T13:46:48.000Z,HS0HPT,Gion Backpack M,Dark Olive,1800,172.53,2022-05-15
recOKYnPU34Fqj4S4,recRd1et2nPMC4iy4,2022-11-27T13:46:48.000Z,HS7C2Z,SoFo Backpack Travel,Dark Olive,400,289.3,2022-08-31
recjfhqLNqIfSPLnI,recJ87LJuJGWqwuCK,2022-11-27T13:46:48.000Z,HS3VK7,Gion Backpack Essential S,Graphite,1200,115.21,2022-06-30
recqq9unDxudZMehn,recPair6yBhGfEPXy,2022-11-27T13:46:48.000Z,HS2AE7,Checkin Trolley H7 Smart,Glossy Night Blue,1200,302.27,2023-02-10
reczNxxE6xDOAEcJG,recs9YN068n0LtOYt,2022-11-27T13:46:48.000Z,HS0ADR,Cabin Trolley H5 Essential,Pale Rose,400,185.91,2022-07-15
recfKaXn07OmjVt0S,recrapa3IOqY6AW74,2022-12-09T07:34:52.000Z,HS7JZB,Checkin Trolley H7 Essential,Light Quartz Grey,600,324.61,2023-04-01
reclAbMLF0nnAFZ8l,recyki6VJDs30ipxk,2022-12-23T07:08:28.000Z,HS3APO,Aoyama Totepack S,All Black,2000,15.31,2023-04-17
recGK8cxmGgvIMoa7,recRQz4YDkdJ9Otd1,2023-01-05T18:20:21.000Z, HS4CQQ ,SoFo Weekender,Light Quartz Grey,1200,,2022-12-15
recMixxv8eZfTcsEy,recBAFAjdkIxy0AMt,2023-05-19T07:38:03.000Z,HS12YE,Checkin Trolley H7 Essential,Glossy Bright Amber,800,324.33,2023-06-30
recYsoahK0BBQXelI,recVYg7OHg0EzdmUG,2023-05-19T07:45:19.000Z,HS50B7,Cabin Trolley H5 Essential,Dark Olive,600,197.33,2023-08-15
rec7byXDtcxwRdopd,rece2BBr1UhSTDdE6,2023-07-06T12:28:00.000Z,HS0RP1,Cabin Trolley M5 Smart,Dark Olive,600,199.78,
recJBLSsF2XlZdhaL,recRd1et2nPMC4iy4,2022-11-27T13:46:48.000Z,HS7C2Z,SoFo Backpack Travel,Dark Olive,600,289.3,2022-08-31
recN3DwI7M6ExycHe,rec5vY8ssbNf68Pnr,2022-11-27T13:46:48.000Z,HS5DZ2,Cabin Trolley H5 Smart,All Black,1600,206.29,2022-10-05
recQ6d21W639Y3X3k,recs9YN068n0LtOYt,2022-11-27T13:46:48.000Z,HS322R,Checkin Trolley H6 Essential,Blue Vega,600,239.59,2022-06-15
recSaujsMQtF6MqYA,recPair6yBhGfEPXy,2022-11-27T13:46:48.000Z,HS8CZF,Cabin Trolley M5 Smart,Glossy Night Blue,1200,214.29,2023-02-10
recmAZ6kvo645is6V,recRd1et2nPMC4iy4,2022-11-27T13:46:48.000Z,HS11V8,SoFo Rolltop Backpack,Marine Green,1200,114.85,2022-11-30
recpNG8c3h1CwWWHH,recuc1RxE5xXJNeyF,2022-11-27T13:46:48.000Z,HS2AVJ,Gion Briefcase,Graphite,4060,192.05,2022-03-01
recqk90tgJTbeQa1J,recRd1et2nPMC4iy4,2022-11-27T13:46:48.000Z,HS2QOC,SoFo Rolltop Backpack,Night Blue,1600,114.85,2022-11-30
recF6gf2fwXcKrOGl,recyki6VJDs30ipxk,2022-12-23T07:08:28.000Z,HS8C5H,Aoyama Totepack S,Bright Amber,2000,15.31,2023-04-17
receRbt1XZug6ia5N,recgdehXsTpikaOdD,2023-05-19T07:41:27.000Z,HS5DZ2,Cabin Trolley H5 Smart,All Black,1200,218.11,2023-08-15
recV533eD4cCCGlHj,recVYg7OHg0EzdmUG,2023-05-19T07:45:19.000Z,HS4GQ2,Cabin Trolley M5 Essential,Light Quartz Grey,600,194.79,2023-08-15
reclf88pavGwvO9zW,recQBwsouvVnfQIZJ,2023-05-19T07:58:46.000Z, HS27MF ,Shibuya Weekender M,All Black,2000,12.13,2023-07-27
rectklrcLkywUUrpY,recQBwsouvVnfQIZJ,2023-05-19T07:58:46.000Z,HS4RRJ,Shibuya Rolltop,Agave Green,2000,13.32,2023-07-27
recuvA0vjPuJ0hhDT,rec66yWd0p9QTWim0,2023-07-06T12:47:40.000Z,HS5DZ2,Cabin Trolley H5 Smart,All Black,1600,206.29,
rec2fHJMiGfEGiOou,recncVqfxFCcWHHVR,2022-11-27T13:46:48.000Z,HS2TEB,Gion Backpack Pro S,Blue Vega,400,155.2,2022-09-13
recIwLk37iEnk6Jci,recNqVI0DjJi0lZ6l,2022-11-27T13:46:48.000Z,HS32CE,SoFo Rolltop Backpack,All Black,2000,114.85,2022-05-15
recJAGx24e8n8vEOU,recRQz4YDkdJ9Otd1,2022-11-27T13:46:48.000Z,HS086K,Gion Crossbody Bag M,Dark Olive,1200,63.53,2022-12-15
recPmOkp8PKJh5GU9,rec9cfSHhvvqoQRnH,2022-11-27T13:46:48.000Z,HS81TA,Shibuya Weekender M,Glossy Lemon,1600,92.41,2022-09-20
recTUU36HozEx60MN,recdBysdkxHTrLgRU,2022-11-27T13:46:48.000Z,HS387C,Shibuya Daypack M,Light Quartz Grey / Glossy Lemon,2000,7.79,2022-06-20
recUZ3VvIOALQcqNy,recPair6yBhGfEPXy,2022-11-27T13:46:48.000Z,HS6KX8,Checkin Trolley H7 Smart,Dark Olive,800,302.27,2022-12-30
recZYKMbIrjRDKd95,recPair6yBhGfEPXy,2022-11-27T13:46:48.000Z,HS0FVQ,Checkin Trolley H7 Smart,Glossy Graphite,1000,302.27,2022-12-30
recdcqOUAVbq0LtHa,recPnLgxC5oprvfFv,2022-11-27T13:46:48.000Z,HS3R29,Koenji Washbag L,All Black,1200,60.75,2022-11-30
recjKV7hQS0k5LKxn,recR42GY2wfmYA7ly,2022-11-27T13:46:48.000Z,HS5GPC,Cabin Trolley H5 Essential,Light Quartz Grey,800,189.79,2022-12-08
recjUsNhPK70O4L6p,recU9jQUdK3ZLAF3p,2022-11-27T13:46:48.000Z,HS1O3C,Cardholder,All Black,1200,17.91,2022-05-21
reclNUK21uQmeWTsi,rec8k3oLwhtga78iL,2022-11-27T13:46:48.000Z,HS7JZB,Checkin Trolley H7 Essential,Light Quartz Grey,600,310.13,2022-09-01
recpFMCK0NybKTYqD,recs9YN068n0LtOYt,2022-11-27T13:46:48.000Z,HS2H0N,Checkin Trolley H6 Smart,Blue Vega,600,260.63,2022-07-15
recEDLzeXjG0be5n2,recHdpn3g3HrIBM4k,2023-05-19T07:28:46.000Z,HS0RP1,Cabin Trolley M5 Smart,Dark Olive,800,207.05,2023-06-15
recVTUxXL3EFLvxS8,recncVqfxFCcWHHVR,2022-11-27T13:46:48.000Z,HS40RH,Gion Backpack Pro M,Blue Vega,400,172.53,2022-09-13
recCyxNY0v8Wcbl44,recLPPV8l4jqKvTTz,2022-11-27T13:46:48.000Z,HS5TXN,Gion Backpack M,Black,4000,28.53,2022-05-10
recOATJTOWLef5uRI,recncVqfxFCcWHHVR,2022-11-27T13:46:48.000Z,HS5PC3,Gion Backpack Pro M,Night Blue,1000,172.53,2022-09-13
recUdlFvqTESTBwvW,recJ87LJuJGWqwuCK,2022-11-27T13:46:48.000Z,HS5ODX,Gion Backpack Essential M,All Black,2000,110.84,2022-06-30
recXU7h4W6kqCK6Yj,recR42GY2wfmYA7ly,2022-11-27T13:46:48.000Z,HS54PL,Cabin Trolley H5 Essential,Grey Lavender,800,189.79,2022-12-08
recgOJZ34iYY9TQeG,recs9YN068n0LtOYt,2022-11-27T13:46:48.000Z,HS01M6,Cabin Trolley H5 Essential,Night Blue,800,185.91,2022-07-15
recoiHfvvhjA2mNHk,rec8k3oLwhtga78iL,2022-11-27T13:46:48.000Z,HS10NS,Checkin Trolley H7 Essential,Dark Olive,600,310.13,2022-09-01
recvVcXnXqwdyx3zU,recRd1et2nPMC4iy4,2022-11-27T13:46:48.000Z,HS32CE,SoFo Rolltop Backpack,All Black,4000,108.43,2022-11-30
recisxTpInW9qIVex,reclxa2PNwe35X5sC,2023-02-20T09:09:07.000Z,HS7XTM,Cabin Trolley M5 Smart（Mercedes Benz_,Graphite,6000,203.33,2023-04-15
recUhJONQ0MdP2tej,recpbPwq2R7iZf2H5,2023-05-19T07:54:15.000Z,HS8MRV,Checkin Trolley H6 Smart,Dark Olive,600,271.86,2023-09-01
rec2d1QsNxfNQIndF,recncVqfxFCcWHHVR,2022-11-27T13:46:48.000Z,HS33BZ,Gion Backpack Pro S,Dark Olive,400,155.2,2022-09-13
recA04sUdRdW5wUeo,rec66BmSGUbWxU6LI,2022-11-27T13:46:48.000Z,HS3O7X,Gion Crossbody Bag M,Night Blue/Neon Yellow,200,84.05,2022-03-01
recE4GH7Wxk8JD1RB,rec48nUaKKP9HHmA5,2022-11-27T13:46:48.000Z,HS3YQC,Chiado Crossbody Bag,Sand Rose,2000,13.08,2022-12-20
recIKz4k9nlvlKFLv,recPair6yBhGfEPXy,2022-11-27T13:46:48.000Z,HS0GSB,Checkin Trolley H6 Essential,Glossy Graphite,800,236.73,2023-02-10
recQyhFCACeKiSJbE,rec66BmSGUbWxU6LI,2022-11-27T13:46:48.000Z,HS0TO5,Gion Crossbody Bag M,Dark Olive/Neon Green,200,84.05,2022-03-01
recfAkDS9xL9donTH,rec66BmSGUbWxU6LI,2022-11-27T13:46:48.000Z,HS0A0I,Cardholder,Marine Green/Neon Orange,200,20.76,2022-03-01
recuFvEXgLW9QmTJ4,recRd1et2nPMC4iy4,2022-11-27T13:46:48.000Z,HS5Q4Q,SoFo Backpack City,Light Quartz Grey,600,220.4,2022-11-30
recvw93yeWtnpp16J,recs9YN068n0LtOYt,2022-11-27T13:46:48.000Z,HS1NY9,Cabin Trolley H5 Essential,Glossy Red,600,196.73,2022-06-15
recigRirLXHzDxXP6,recrapa3IOqY6AW74,2022-12-09T07:35:33.000Z,HS6KX8,Checkin Trolley H7 Smart,Dark Olive,600,340.67,2023-04-01
reclhYI8jwDjyzb5c,rec9YiSsDlbXNH0WY,2023-05-19T07:34:40.000Z,HS0MW2,CheckinTrolley H6 Re-Series,All Black,1800,272.54,2023-07-01
recABHCtD7C5RTqtB,recQBwsouvVnfQIZJ,2023-05-19T07:58:46.000Z,HS8FXH,Shibuya Weekender M,Agave Green,2000,12.13,2023-07-27
rec6wuc4dc4sMEWxr,rec93Lxow9eSO5KcL,2022-11-27T13:46:48.000Z,HS69WL,Cabin Trolley H5 Essential,Glossy Graphite,400,187.01,2022-08-15
recClMrJWzlQcSbAH,rec48nUaKKP9HHmA5,2022-11-27T13:46:48.000Z,HS1L9H,Chiado Backpack,Sand Rose,2000,19.51,2022-12-20
recDbAJgpl7K1jyS6,recncVqfxFCcWHHVR,2022-11-27T13:46:48.000Z,HS5TXN,Gion Backpack Pro M,All Black,2800,172.53,2022-09-13
recKs7V5cmN7vCgPc,recY746SYXJcNw82b,2022-11-27T13:46:48.000Z,HS6AQY,Cabin Trolley M5 Essential,Dark Olive,2800,186.94,2022-07-15
reclHVFNpL68S8Cwk,rec5vY8ssbNf68Pnr,2022-11-27T13:46:48.000Z,HS2M6I,Checkin Trolley H7 Essential,Glossy Graphite,800,279.75,2022-10-05
recnQXNjGaVljCjp7,rec5vY8ssbNf68Pnr,2022-11-27T13:46:48.000Z,HS8CZF,Cabin Trolley M5 Smart,Glossy Night Blue,2400,214.29,2022-10-05
rec8ARFxAfXym57uS,rec66yWd0p9QTWim0,2023-07-06T12:50:14.000Z,HS8CZF,Cabin Trolley M5 Smart,Glossy Night Blue,2400,214.29,
rec4nQ2XlDgCOrGph,recNqVI0DjJi0lZ6l,2022-11-27T13:46:48.000Z,HS5PHN,Gion Backpack S,Graphite,1200,155.2,2022-05-15
recFkrrhfWRac2bOf,rec93Lxow9eSO5KcL,2022-11-27T13:46:48.000Z,HS7NJZ,Checkin Trolley H7 Essential,All Black,1600,279.75,2022-08-15
recH9PTnUi7xP39zj,recmleCSx7a5jebiB,2022-11-27T13:46:48.000Z,HS850Q,Cardholder,Light Quartz Grey,400,17.91,2022-02-28
recJ9DdAy5Ex0f2Tw,rec93Lxow9eSO5KcL,2022-11-27T13:46:48.000Z,HS1H0L,Checkin Trolley H6 Smart,All Black,1000,258.93,2022-08-15
recY0CB7Gs0XgKsFh,recfAmrxWvZWlKT10,2022-11-27T13:46:48.000Z,HS8393,Cabin Trolley H5 Smart,Marine Green,400,203.36,2022-04-15
recd91yC7JC0Q7kdA,recRd1et2nPMC4iy4,2022-11-27T13:46:48.000Z,HS5T1U,SoFo Backpack City,Dark Olive,400,220.4,2022-11-30
recfaRK3t6MFy4ct8,recncVqfxFCcWHHVR,2022-11-27T13:46:48.000Z,HS5ODX,Gion Backpack Essential M,All Black,800,119.87,2022-09-13
reci8zKzdyBe9pAyR,rec9cfSHhvvqoQRnH,2022-11-27T13:46:48.000Z,HS27MF,Shibuya Weekender M,All Black,1600,92.41,2022-09-20
recw4NoBFPtN1cMRB,recrapa3IOqY6AW74,2022-12-09T07:31:31.000Z,HS4B41,Cabin Trolley M5 Smart,Light Quartz Grey,600,213.07,2023-04-01
recWEfIs9J71TXhXM,recVYg7OHg0EzdmUG,2023-05-19T07:45:19.000Z,HS8P74,Checkin Trolley H6 Smart,Light Quartz Grey,600,264.03,2023-08-15
recqehbsKXvT759kF,recpbPwq2R7iZf2H5,2023-05-19T07:54:15.000Z,HS6KX8,Checkin Trolley H7 Smart,Dark Olive,1200,306.63,2023-09-01
rec7hnfAkATPSdLPv,rec66yWd0p9QTWim0,2023-07-06T12:48:07.000Z,HS71GO,Cabin Trolley H5 Smart,Glossy Night Blue,1000,206.29,
rec2op9tPXG2GbmBO,recabsOvaHcmbaUno,2023-07-28T08:50:29.000Z,HS5EFL,Sofo Rolltop Backpack X,All Black,1600,124.8,
rec0cbiks0t2Ki7Q2,recRd1et2nPMC4iy4,2022-11-27T13:46:48.000Z,HS4MGZ,SoFo Crossbody Bag M,Black,600,57.53,2022-08-31
rec4GyoA8Teg3TZQ0,rec8k3oLwhtga78iL,2022-11-27T13:46:48.000Z,HS7VMG,Cabin Trolley H5 Smart,Light Quartz Grey,600,202.92,2022-09-01
rec91JhwMwdxDgBNt,rec8k3oLwhtga78iL,2022-11-27T13:46:48.000Z,HS054G,Cabin Trolley M5 Smart,Sand,600,202.17,2022-09-01
recDkpRvi3zdFp48t,rec5vY8ssbNf68Pnr,2022-11-27T13:46:48.000Z,HS5DZ2,Cabin Trolley H5 Smart,All Black,1600,206.29,2022-10-05
recJADg9ecRG8wr4o,rec5vY8ssbNf68Pnr,2022-11-27T13:46:48.000Z,HS7G0W,Checkin Trolley H7 Smart,All Black,800,302.27,2022-10-05
recSMTxoMSnh7L8YY,rec66BmSGUbWxU6LI,2022-11-27T13:46:48.000Z,HS26PB,Wallet,Marine Green/Neon Orange,200,43.42,2022-03-01
recZcVko8E2uKSdIY,rec66BmSGUbWxU6LI,2022-11-27T13:46:48.000Z,HS6VOB,Gion Backpack Pro M,Dark Olive/Neon Green,200,208.45,2022-03-01
recqbsylZRmNLoxUs,rec93Lxow9eSO5KcL,2022-11-27T13:46:48.000Z,HS2M6I,Checkin Trolley H7 Essential,Glossy Graphite,796,279.75,2022-08-15
recPrPCSyY1MYMGV4,recHdpn3g3HrIBM4k,2023-05-19T07:28:46.000Z,HS21ZA,Checkin Trolley H6 Smart,Glossy Graphite,600,270.77,2023-06-15
recm6HjMgPgdHJrjw,recpbPwq2R7iZf2H5,2023-05-19T07:54:15.000Z,HS10NS,Checkin Trolley H7 Essential,Dark Olive,1400,284.45,2023-09-01
recToF2fsoyF50AnT,rec66yWd0p9QTWim0,2023-07-06T12:45:34.000Z,HS3WXE,Cabin Trolley H5 Essential,Glossy Night Blue,1200,187.01,
recABjKQp0wlj8sfJ,recRd1et2nPMC4iy4,2022-11-27T13:46:48.000Z,HS2QOC,SoFo Rolltop Backpack,Night Blue,800,114.85,2022-11-30
recKzKW08GHoMoB2A,recuc1RxE5xXJNeyF,2022-11-27T13:46:48.000Z,HS58ZI,Gion Backpack M,Graphite,4060,196.06,2022-03-01
recSX30u0LNijfOTr,recfirmJPfiiJAfYV,2022-11-27T13:46:48.000Z,HS021M,Gion Crossbody Bag S,Sand/Neon Yellow,400,45.93,2022-11-30
recYfABDRu3P8twrt,recNqVI0DjJi0lZ6l,2022-11-27T13:46:48.000Z,HS8EE6,SoFo Rolltop Backpack,Dark Olive,1200,114.85,2022-05-15
recepam4krGBJHpiC,recRd1et2nPMC4iy4,2022-11-27T13:46:48.000Z,HS3V4V,SoFo Backpack City,Sand,0,220.4,
reclMQp0Gm9FYmTv8,recmleCSx7a5jebiB,2022-11-27T13:46:48.000Z,HS63MK,Wallet,All Black,400,37.07,2022-02-28
recvNf41N7975Cl5W,rec66BmSGUbWxU6LI,2022-11-27T13:46:48.000Z,HS1NZO,Gion Backpack Pro M,Blue Vega/Neon Orange,200,208.45,2022-03-01
recw6kSWVpOfUvjhe,recncVqfxFCcWHHVR,2022-11-27T13:46:48.000Z,HS33BZ,Gion Backpack Pro S,Dark Olive,400,155.2,2022-09-13
recGpghfBy8mRcLP9,recXLtOG28CLCDqzc,2022-12-09T07:46:03.000Z,HS8CZF,Cabin Trolley M5 Smart,Glossy Night Blue,800,216.78,2023-04-20
recDXbVRWHOECvm6z,recJ87LJuJGWqwuCK,2022-11-27T13:46:48.000Z,HS6UAT,Gion Backpack Essential S,Light Quartz Grey,1200,135.6,2022-06-30
recVBKgT2bgLKWDVk,recRd1et2nPMC4iy4,2022-11-27T13:46:48.000Z,HS2GK0,SoFo Rolltop Backpack,Sand Rose,400,114.85,2022-11-30
recb3at27s1aMmZ3v,rec8k3oLwhtga78iL,2022-11-27T13:46:48.000Z,HS58NR,Checkin Trolley H6 Essential,Dark Olive,800,239.14,2022-09-01
recsL9qOsq1FMPUyI,recVYg7OHg0EzdmUG,2023-05-19T07:45:19.000Z,HS2VFJ,Checkin Trolley H6 Essential,Night Blue,800,245.41,2023-08-15
recYL54xHp9mVRBPV,rec66yWd0p9QTWim0,2023-07-06T12:53:54.000Z,HS2M6I,Checkin Trolley H7 Essential,Glossy Graphite,800,279.75,
recA6MF0NevJJTfpP,recRQz4YDkdJ9Otd1,2022-11-27T13:46:48.000Z,HS1QEV,SoFo Weekender L,Black,1200,,2022-12-15
recAH3IalC2vixHNP,recRd1et2nPMC4iy4,2022-11-27T13:46:48.000Z,HS7GM6,SoFo Rolltop Backpack,Light Quartz Grey,3200,114.85,2022-08-31
recN4d3jns9VSppYd,recRQz4YDkdJ9Otd1,2022-11-27T13:46:48.000Z,HS2V9V,Liquids Bag,Black,2000,,2022-12-15
recg9cCp6Qu832lMp,recJ87LJuJGWqwuCK,2022-11-27T13:46:48.000Z,HS3G4K,Gion Backpack Essential S,Marine Green,1200,135.6,2022-06-30
recgUVVpoymQ2pJXT,recfirmJPfiiJAfYV,2022-11-27T13:46:48.000Z,TBD,Gion Crossbody Bag S,Orange Glow,1200,45.93,2022-11-30
recguHH5fDSXkaHw2,rec93Lxow9eSO5KcL,2022-11-27T13:46:48.000Z,HS4A8T,Checkin Trolley H6 Smart,Graphite,600,258.93,2022-08-15
reciZkcKYJg9PTkxM,recncVqfxFCcWHHVR,2022-11-27T13:46:48.000Z,HS8S9I,Gion Backpack Pro S,Night Blue,1400,155.2,2022-09-13
recpvx0RSOxg2sz4q,recNqVI0DjJi0lZ6l,2022-11-27T13:46:48.000Z,HS62AQ,Gion Backpack S,Pale Rose,1200,145.13,2022-05-15
recrIilnZNmPXzePC,rec93Lxow9eSO5KcL,2022-11-27T13:46:48.000Z,HS10NS,Checkin Trolley H7 Essential,Dark Olive,800,277.75,2022-08-15
recxZy6wM5cIKFGrK,rec0P5cZqFI3OMzgl,2022-11-27T13:46:48.000Z,HS2EU0,Gion Crossbody Bag M,Black,1600,62.53,2202-05-15
recBDW23ci5TLP3wp,recHdpn3g3HrIBM4k,2023-05-19T07:28:46.000Z,HS1LVJ,Checkin Trolley H7 Essential,Grey Lavender,800,309.02,2023-06-15
rec1SkrIBXI80sleB,rec9cfSHhvvqoQRnH,2022-11-27T13:46:48.000Z,HS7T35,Shibuya Weekender M,Sand Rose,1600,92.41,2022-09-20
rec3L8lBBmrGhEfLR,recRQz4YDkdJ9Otd1,2022-11-27T13:46:48.000Z,HS8QBC,SoFo Weekender,Black,1600,,2022-12-15
recKjtjld5PdqW2BK,recRd1et2nPMC4iy4,2022-11-27T13:46:48.000Z,HS4N6O,SoFo Backpack Travel,All Black,400,289.3,2022-08-31
recVseGbFZvcwjZmI,rec9cfSHhvvqoQRnH,2022-11-27T13:46:48.000Z,HS81CU,Shibuya Weekender M,Grey Lavender,1600,92.41,2022-09-20
recgNZO8yxOX67ssi,recncVqfxFCcWHHVR,2022-11-27T13:46:48.000Z,HS25LC,Gion Backpack Pro M,Graphite,1600,172.53,2022-09-13
rechty4CtGAxbhynr,recNqVI0DjJi0lZ6l,2022-11-27T13:46:48.000Z,HS0ZMQ,SoFo Weekender M,Dark Olive,2000,168.07,2022-05-15
recnPVXD2lOugP50n,recU9jQUdK3ZLAF3p,2022-11-27T13:46:48.000Z,HS850Q,Cardholder,Light Quartz Grey,1000,17.91,2022-05-21
recpiFwvoXjR17sQm,recs9YN068n0LtOYt,2022-11-27T13:46:48.000Z,HS0GVS,Checkin Trolley H6 Smart,Marine Green,600,260.63,2022-07-15
recsxTRcTw9hPW32x,recu5UHiZmKKNt1C4,2023-02-20T08:50:52.000Z, HS8QVT ,Liquids Bag,Light Quartz Grey,1200,27.32,2023-04-03
recpQMo4JAuB9ZIBZ,rece2BBr1UhSTDdE6,2023-07-06T12:29:22.000Z,HS2VER,Checkin Trolley H6 Essential,Glossy Night Blue,800,241.71,
rec1k5SMh5d9ajSyB,recRd1et2nPMC4iy4,2022-11-27T13:46:48.000Z,HS5T1U,SoFo Backpack City,Dark Olive,800,220.4,2022-11-30
rec4LiLwf6CIREq4Q,rec93Lxow9eSO5KcL,2022-11-27T13:46:48.000Z,HS7UK1,Checkin Trolley H7 Essential,Glossy Night Blue,796,279.75,2022-08-15
recAboEdKdPuzv6Ua,recPair6yBhGfEPXy,2022-11-27T13:46:48.000Z,HS3H07,Cabin Trolley H5 Smart,Dark Olive,800,206.29,2023-02-10
recFUrTm2oA5JA5oW,recRd1et2nPMC4iy4,2022-11-27T13:46:48.000Z,HS8QBC,SoFo Weekender M,Black,1200,166.73,2022-10-10
recJ8K5XAN17x82Iz,recncVqfxFCcWHHVR,2022-11-27T13:46:48.000Z,HS2DEQ,Gion Backpack Pro S,All Black,800,155.2,2022-09-13
recKR4XhpvkuxtfIx,recRd1et2nPMC4iy4,2022-11-27T13:46:48.000Z,HS7C2Z,SoFo Backpack Travel,Dark Olive,400,289.3,2022-08-31
recf1vJEU0W9NldSo,rec8k3oLwhtga78iL,2022-11-27T13:46:48.000Z,HS5BM0,Cabin Trolley H5 Essential,Marine Green,600,185.47,2022-09-01
recjsTEDOF9l9eKjM,recR42GY2wfmYA7ly,2022-11-27T13:46:48.000Z,HS2MDP,Cabin Trolley H5 Essential,Glossy Bright Amber,800,195.66,2022-12-08
recqjdnG4vlal6yuz,recRd1et2nPMC4iy4,2022-11-27T13:46:48.000Z,HS32CE,SoFo Rolltop Backpack,All Black,2000,108.43,2022-11-30
recs9f5GMVxOIXo6l,recdBysdkxHTrLgRU,2022-11-27T13:46:48.000Z,HS2CXJ,Shibuya Totepack M,Glossy Lemon,2000,8.99,2022-06-20
recLKgxfKLGr5M9Rd,recXLtOG28CLCDqzc,2022-12-09T07:46:03.000Z,HS4OAL,Checkin Trolley H6 Essential,All Black,800,237.71,2023-04-20
rec8KiO2eW5yJcmPd,recu5UHiZmKKNt1C4,2023-02-20T08:50:52.000Z, HS2V9V ,Liquids Bag,Black,2800,27.32,2023-04-03
recPUiW1N9RYYFHwI,recBAFAjdkIxy0AMt,2023-05-19T07:38:03.000Z,HS5IOY,Checkin Trolley H7 Essential,Glossy Blue Vega,800,324.33,2023-06-30
rec0ccXMrrkfdAQWA,recdBysdkxHTrLgRU,2022-11-27T13:46:48.000Z,HS29HK,Shibuya Daypack M,All Black,2000,7.79,2022-06-20
rec1zdJ5pPEfT0JD7,recs9YN068n0LtOYt,2022-11-27T13:46:48.000Z,HS8FE8,Checkin Trolley H6 Essential,Marine Green,600,239.59,2022-06-15
recnw65tft56rs4ZT,recfAmrxWvZWlKT10,2022-11-27T13:46:48.000Z,HS0O0C,Cabin Trolley M5 Smart,Marine Green,400,202.61,2022-04-15
recuwv2bUytVuxpEd,recdBysdkxHTrLgRU,2022-11-27T13:46:48.000Z,HS1RIK,Shibuya Daypack M,Sand Rose / Grey Lavender,2000,7.79,2022-06-20
reczKQSAWCdtjTUai,recPnLgxC5oprvfFv,2022-11-27T13:46:48.000Z,HS140D,Top Case,Light Quartz Grey,1200,58,2022-09-18
recqCjqtH9RGmMdR2,recyki6VJDs30ipxk,2022-12-23T07:08:28.000Z,HS4PMS,Aoyama Crossbody,All Black,2000,8.05,2023-04-17
rec5C2Bas0wfBmFqc,recu35eEb4d5d3vra,2023-05-19T07:20:41.000Z, HS0FTW ,Top Case,All Black,1200,290.87,2023-06-15
recu2819UUErDxemq,recHdpn3g3HrIBM4k,2023-05-19T07:28:46.000Z,HS5DZ2,Cabin Trolley H5 Smart,All Black,800,211.82,2023-06-15
recxECS7OKxOgDDMW,recHdpn3g3HrIBM4k,2023-05-19T07:28:46.000Z,HS50B7,Cabin Trolley H5 Essential,Dark Olive,600,202.63,2023-06-15
recXhO8WEp0VVhFaD,rece2BBr1UhSTDdE6,2023-07-06T12:30:00.000Z,HS2M6I,Checkin Trolley H7 Essential,Glossy Graphite,600,319.39,
recpYYZf3JZGpovt3,recEeBxWVVu30q1k0,2023-07-25T12:58:30.000Z,HS1GVC,Cabin Trolley M5 Essential,Night Blue,6000,186.67,
recZndV0nvc68XTIs,recR42GY2wfmYA7ly,2022-11-27T13:46:48.000Z,HS4B41,Cabin Trolley M5 Smart,Light Quartz Grey,800,204.1,2022-12-23
reckwkpHS1UmmXmyJ,recPnLgxC5oprvfFv,2022-11-27T13:46:48.000Z,HS239W,Tech Organiser,All Black,1200,58.05,2022-11-30
recnAbvPomt6OVdPe,recNqVI0DjJi0lZ6l,2022-11-27T13:46:48.000Z,HS4H4L,Packing Cubes,All Black,1600,78.34,2022-05-15
recnVAb54GJ7AC5NU,rec5vY8ssbNf68Pnr,2022-11-27T13:46:48.000Z,HS4OAL,Checkin Trolley H6 Essential,All Black,1600,236.73,2022-10-05
recq1Z3bpE1Nn2EMI,rec8k3oLwhtga78iL,2022-11-27T13:46:48.000Z,HS0O0C,Cabin Trolley M5 Smart,Marine Green,600,202.17,2022-09-01
recnPcv77PGzu5rXV,recu5UHiZmKKNt1C4,2023-02-20T08:50:52.000Z, HS58J4 ,Packing Cubes,Night Blue,1200,83.16,2023-04-03
recjF2geCCBVkwhGR,rec9YiSsDlbXNH0WY,2023-05-19T07:34:40.000Z,HS0K7Y,CheckinTrolley H6 Re-Series,Bright Amber,1200,272.54,2023-07-01
recHzNvJQIPRUXb7t,recY746SYXJcNw82b,2022-11-27T13:46:48.000Z,HS805S,Checkin Trolley H6 Smart,Night Blue,1200,260.18,2022-07-15
recKoZ7l7Q52mzI64,rec8k3oLwhtga78iL,2022-11-27T13:46:48.000Z,HS3IOM,Cabin Trolley M5 Essential,Neon Marine Green/Orange,400,186.94,2022-09-01
recO62BobgJn1Bjc3,recLPPV8l4jqKvTTz,2022-11-27T13:46:48.000Z,HS7JYB,Chiado Crossbody,Black,2000,13.49,2022-05-10
recgYFnVLpv3I2ue2,recncVqfxFCcWHHVR,2022-11-27T13:46:48.000Z,HS5ODX,Gion Backpack Essential M,All Black,1600,119.87,2022-09-13
recj0ux8sbLQPZbXt,recRd1et2nPMC4iy4,2022-11-27T13:46:48.000Z,HS2QOC,SoFo Rolltop Backpack,Night Blue,800,114.85,2022-11-30
recqQXIXjJWM7tiBY,recs9YN068n0LtOYt,2022-11-27T13:46:48.000Z,HS6KGU,Cabin Trolley H5 Essential,Glossy Lemon,600,196.73,2022-07-15
recqItjZxyJzQwA90,recHdpn3g3HrIBM4k,2023-05-19T07:28:46.000Z,HS4OAL,Checkin Trolley H6 Essential,All Black,800,244.64,2023-06-15
reckOI7WnizW08lS3,recgdehXsTpikaOdD,2023-05-19T07:41:27.000Z,HS6PAL,Cabin Trolley M5 Smart,Black,1200,222.56,2023-08-15
recT63Qv0EccCS8Zm,recabsOvaHcmbaUno,2023-07-28T08:49:40.000Z,HS1WWI,Sofo Rolltop Backpack X,Light Quartz Grey,1200,132.93,
rec5Y7pevWkzsyOMt,rec8k3oLwhtga78iL,2022-11-27T13:46:48.000Z,HS1DCD,Cabin Trolley M5 Essential,All Black,1600,186.94,2022-10-15
recS9sFEAXTq7UPM6,recncVqfxFCcWHHVR,2022-11-27T13:46:48.000Z,HS5PC3,Gion Backpack Pro M,Night Blue,600,172.53,2022-09-13
recaaIArJexMDV2ra,recPnLgxC5oprvfFv,2022-11-27T13:46:48.000Z,HS7QH7,Koenji Washbag M,Sand,1200,56.07,2022-11-30
recmATjWkqm0v8YHO,recRQz4YDkdJ9Otd1,2022-11-27T13:46:48.000Z,HS2EU0,Gion Crossbody Bag M,Black,1200,63.53,2022-12-15
rec2Pk4bnSQStdMpV,recrapa3IOqY6AW74,2022-12-09T07:30:21.000Z,HS4VUO,Cabin Trolley H5 Smart,Glossy Graphite,600,223.72,2023-04-01
recTmjqmrfJZrSk3Q,recgdehXsTpikaOdD,2023-05-19T07:41:27.000Z,HS8CZF,Cabin Trolley M5 Smart,Glossy Night Blue,800,222.56,2023-08-15
reclydUOh2cF1mcJI,rece2BBr1UhSTDdE6,2023-07-06T12:25:35.000Z,HS3WXE,Cabin Trolley H5 Essential,Glossy Night Blue,800,191.34,
recQPoxn3vbMt0KPO,rece2BBr1UhSTDdE6,2023-07-06T12:30:28.000Z,HS7UAX,Cabin Trolley H5 Essential,All Black,1000,185.47,
recANYG4ZnYfmX3AZ,recs9YN068n0LtOYt,2022-11-27T13:46:48.000Z,HS1T5P,Cabin Trolley M5 Essential,Blue Vega,600,187.39,2022-07-15
recJMgr5jEdZ42x8A,recNqVI0DjJi0lZ6l,2022-11-27T13:46:48.000Z,HS5T1U,SoFo Backpack City,Dark Olive,1200,220.4,2022-05-15
recYMziItuIhMgvJM,rec48nUaKKP9HHmA5,2022-11-27T13:46:48.000Z,HS17WD,Gion Backpack M Light,All Black,4000,21.17,2022-12-20
recZwkq6sgXpqJUkx,rec8k3oLwhtga78iL,2022-11-27T13:46:48.000Z,HS8SR6,Checkin Trolley H7 Essential,Sand Rose,600,310.13,2022-09-01
receIhH98PnUeFHs3,recR42GY2wfmYA7ly,2022-11-27T13:46:48.000Z,HS45T3,Checkin Trolley H6 Essential,Light Quartz Grey,800,238.55,2022-12-08
recrYWxv3wqdBI0UR,rec8k3oLwhtga78iL,2022-11-27T13:46:48.000Z,HS0RP1,Cabin Trolley M5 Smart,Dark Olive,600,202.17,2022-10-15
recxFnsrxPTiv0iqN,recRd1et2nPMC4iy4,2022-11-27T13:46:48.000Z,HS4T6Z,SoFo Crossbody Bag M,Dark Olive,600,57.53,2022-08-31
recxRVTj36OBnIeA9,rec5vY8ssbNf68Pnr,2022-11-27T13:46:48.000Z,HS6PAL,Cabin Trolley M5 Smart,Black,3000,214.29,2022-11-10
recq2SnuxcPVMrRpr,recyki6VJDs30ipxk,2022-12-23T07:08:28.000Z,HS8T3A,Aoyama Totepack M,All Black,2000,15.85,2023-04-17
recx0hjHSSMoWvBGf,recHdpn3g3HrIBM4k,2023-05-19T07:28:46.000Z,HS58NR,Checkin Trolley H6 Essential,Dark Olive,600,244.64,2023-06-15
recda4QYxV7ORGnZW,recBAFAjdkIxy0AMt,2023-05-19T07:38:03.000Z,HS8TGS,Cabin Trolley H5 Essential,Glossy Blue Vega,800,203.21,2023-06-30